"variable","countyfips","year","value"
"ADJPOPC","3","1990",13617.72951
"ADJPOPC","7","1990",5352.286726
"ADJPOPC","9","1990",4556.244081
"ADJPOPC","11","1990",5048.27044
"ADJPOPC","15","1990",12684.67953
"ADJPOPC","17","1990",2397.128416
"ADJPOPC","19","1990",7619.408177
"ADJPOPC","21","1990",7453.399284
"ADJPOPC","23","1990",3190.1709
"ADJPOPC","25","1990",3946.211401
"ADJPOPC","27","1990",1926.103183
"ADJPOPC","29","1990",20981.12397
"ADJPOPC","33","1990",1504.080575
"ADJPOPC","37","1990",22107.1843
"ADJPOPC","39","1990",9746.522128
"ADJPOPC","41","1990",397910.3164
"ADJPOPC","43","1990",32222.7262
"ADJPOPC","45","1990",30150.61519
"ADJPOPC","47","1990",3070.164471
"ADJPOPC","49","1990",7967.426821
"ADJPOPC","51","1990",10273.55036
"ADJPOPC","53","1990",467.0250189
"ADJPOPC","55","1990",6009.321924
"ADJPOPC","57","1990",1605.085986
"ADJPOPC","61","1990",1688.090432
"ADJPOPC","63","1990",7140.382516
"ADJPOPC","65","1990",6007.321817
"ADJPOPC","67","1990",32467.73932
"ADJPOPC","69","1990",187088.0224
"ADJPOPC","71","1990",13765.73744
"ADJPOPC","73","1990",4715.2526
"ADJPOPC","75","1990",17491.93706
"ADJPOPC","77","1990",93577.01299
"ADJPOPC","79","1990",558.0298941
"ADJPOPC","81","1990",11357.60844
"ADJPOPC","83","1990",18673.00033
"ADJPOPC","85","1990",24564.31593
"ADJPOPC","87","1990",22074.18253
"ADJPOPC","89","1990",20186.08138
"ADJPOPC","91","1990",2295.122951
"ADJPOPC","93","1990",7260.388944
"ADJPOPC","95","1990",4189.22442
"ADJPOPC","97","1990",12661.6783
"ADJPOPC","99","1990",13240.70931
"ADJPOPC","101","1990",122892.5834
"ADJPOPC","103","1990",6063.324817
"ADJPOPC","105","1990",10770.57699
"ADJPOPC","107","1990",14169.75908
"ADJPOPC","109","1990",4619.247457
"ADJPOPC","111","1990",745.0399123
"ADJPOPC","113","1990",3723.199455
"ADJPOPC","115","1990",2690.144113
"ADJPOPC","117","1990",12926.69249
"ADJPOPC","119","1990",12471.66812
"ADJPOPC","121","1990",4812.257796
"ADJPOPC","123","1990",131971.0698
"ADJPOPC","125","1990",8954.479698
"ADJPOPC","500","1990",1854423.3428
"ADJPOPC","3","1991",13639
"ADJPOPC","7","1991",5626
"ADJPOPC","9","1991",4441
"ADJPOPC","11","1991",4960
"ADJPOPC","15","1991",12864
"ADJPOPC","17","1991",2476
"ADJPOPC","19","1991",7653
"ADJPOPC","21","1991",7534
"ADJPOPC","23","1991",3256
"ADJPOPC","25","1991",3973
"ADJPOPC","27","1991",2012
"ADJPOPC","29","1991",21229
"ADJPOPC","33","1991",1437
"ADJPOPC","37","1991",23458
"ADJPOPC","39","1991",10268
"ADJPOPC","41","1991",405954
"ADJPOPC","43","1991",32237
"ADJPOPC","45","1991",31230
"ADJPOPC","47","1991",3089
"ADJPOPC","49","1991",8389
"ADJPOPC","51","1991",10416
"ADJPOPC","53","1991",453
"ADJPOPC","55","1991",6057
"ADJPOPC","57","1991",1556
"ADJPOPC","61","1991",1683
"ADJPOPC","63","1991",7161
"ADJPOPC","65","1991",6141
"ADJPOPC","67","1991",33411
"ADJPOPC","69","1991",193542
"ADJPOPC","71","1991",13816
"ADJPOPC","73","1991",5430
"ADJPOPC","75","1991",17503
"ADJPOPC","77","1991",95992
"ADJPOPC","79","1991",570
"ADJPOPC","81","1991",11449
"ADJPOPC","83","1991",19060
"ADJPOPC","85","1991",25275
"ADJPOPC","87","1991",22703
"ADJPOPC","89","1991",20373
"ADJPOPC","91","1991",2419
"ADJPOPC","93","1991",7700
"ADJPOPC","95","1991",4209
"ADJPOPC","97","1991",12982
"ADJPOPC","99","1991",12958
"ADJPOPC","101","1991",123486
"ADJPOPC","103","1991",6027
"ADJPOPC","105","1991",10835
"ADJPOPC","107","1991",14731
"ADJPOPC","109","1991",4732
"ADJPOPC","111","1991",711
"ADJPOPC","113","1991",4130
"ADJPOPC","115","1991",2670
"ADJPOPC","117","1991",13471
"ADJPOPC","119","1991",12712
"ADJPOPC","121","1991",4783
"ADJPOPC","123","1991",135731
"ADJPOPC","125","1991",9011
"ADJPOPC","500","1991",1899337
"ADJPOPC","3","1992",13572
"ADJPOPC","7","1992",5880
"ADJPOPC","9","1992",4302
"ADJPOPC","11","1992",5040
"ADJPOPC","15","1992",13121
"ADJPOPC","17","1992",2407
"ADJPOPC","19","1992",7842
"ADJPOPC","21","1992",7514
"ADJPOPC","23","1992",3190
"ADJPOPC","25","1992",4140
"ADJPOPC","27","1992",2141
"ADJPOPC","29","1992",21869
"ADJPOPC","33","1992",1403
"ADJPOPC","37","1992",24940
"ADJPOPC","39","1992",10766
"ADJPOPC","41","1992",422815
"ADJPOPC","43","1992",33818
"ADJPOPC","45","1992",31339
"ADJPOPC","47","1992",3244
"ADJPOPC","49","1992",8604
"ADJPOPC","51","1992",10776
"ADJPOPC","53","1992",504
"ADJPOPC","55","1992",6181
"ADJPOPC","57","1992",1574
"ADJPOPC","61","1992",1695
"ADJPOPC","63","1992",7232
"ADJPOPC","65","1992",6209
"ADJPOPC","67","1992",34429
"ADJPOPC","69","1992",199666
"ADJPOPC","71","1992",14029
"ADJPOPC","73","1992",5975
"ADJPOPC","75","1992",17562
"ADJPOPC","77","1992",97411
"ADJPOPC","79","1992",590
"ADJPOPC","81","1992",11692
"ADJPOPC","83","1992",19651
"ADJPOPC","85","1992",26223
"ADJPOPC","87","1992",23482
"ADJPOPC","89","1992",20294
"ADJPOPC","91","1992",2535
"ADJPOPC","93","1992",8092
"ADJPOPC","95","1992",4231
"ADJPOPC","97","1992",13371
"ADJPOPC","99","1992",13105
"ADJPOPC","101","1992",124410
"ADJPOPC","103","1992",6180
"ADJPOPC","105","1992",10940
"ADJPOPC","107","1992",15149
"ADJPOPC","109","1992",4788
"ADJPOPC","111","1992",575
"ADJPOPC","113","1992",4565
"ADJPOPC","115","1992",2629
"ADJPOPC","117","1992",13840
"ADJPOPC","119","1992",13670
"ADJPOPC","121","1992",4886
"ADJPOPC","123","1992",140122
"ADJPOPC","125","1992",9001
"ADJPOPC","500","1992",1964622
"ADJPOPC","3","1993",13657
"ADJPOPC","7","1993",6177
"ADJPOPC","9","1993",4326
"ADJPOPC","11","1993",5350
"ADJPOPC","15","1993",13700
"ADJPOPC","17","1993",2306
"ADJPOPC","19","1993",8037
"ADJPOPC","21","1993",7642
"ADJPOPC","23","1993",3337
"ADJPOPC","25","1993",4145
"ADJPOPC","27","1993",2323
"ADJPOPC","29","1993",23233
"ADJPOPC","33","1993",1426
"ADJPOPC","37","1993",26832
"ADJPOPC","39","1993",11542
"ADJPOPC","41","1993",437135
"ADJPOPC","43","1993",36507
"ADJPOPC","45","1993",32574
"ADJPOPC","47","1993",3376
"ADJPOPC","49","1993",8925
"ADJPOPC","51","1993",11311
"ADJPOPC","53","1993",546
"ADJPOPC","55","1993",6439
"ADJPOPC","57","1993",1632
"ADJPOPC","61","1993",1698
"ADJPOPC","63","1993",7267
"ADJPOPC","65","1993",6271
"ADJPOPC","67","1993",35598
"ADJPOPC","69","1993",206844
"ADJPOPC","71","1993",14212
"ADJPOPC","73","1993",5878
"ADJPOPC","75","1993",17959
"ADJPOPC","77","1993",99903
"ADJPOPC","79","1993",600
"ADJPOPC","81","1993",11797
"ADJPOPC","83","1993",20640
"ADJPOPC","85","1993",27287
"ADJPOPC","87","1993",24241
"ADJPOPC","89","1993",20435
"ADJPOPC","91","1993",2653
"ADJPOPC","93","1993",8581
"ADJPOPC","95","1993",4378
"ADJPOPC","97","1993",14061
"ADJPOPC","99","1993",13422
"ADJPOPC","101","1993",126348
"ADJPOPC","103","1993",6259
"ADJPOPC","105","1993",11211
"ADJPOPC","107","1993",15924
"ADJPOPC","109","1993",4826
"ADJPOPC","111","1993",545
"ADJPOPC","113","1993",4864
"ADJPOPC","115","1993",2649
"ADJPOPC","117","1993",15194
"ADJPOPC","119","1993",14735
"ADJPOPC","121","1993",5144
"ADJPOPC","123","1993",145778
"ADJPOPC","125","1993",9166
"ADJPOPC","500","1993",2026197
"ADJPOPC","3","1994",13823
"ADJPOPC","7","1994",6539
"ADJPOPC","9","1994",4391
"ADJPOPC","11","1994",5400
"ADJPOPC","15","1994",14107
"ADJPOPC","17","1994",2291
"ADJPOPC","19","1994",8458
"ADJPOPC","21","1994",7755
"ADJPOPC","23","1994",3376
"ADJPOPC","25","1994",4207
"ADJPOPC","27","1994",2418
"ADJPOPC","29","1994",24343
"ADJPOPC","33","1994",1499
"ADJPOPC","37","1994",29027
"ADJPOPC","39","1994",12847
"ADJPOPC","41","1994",456500
"ADJPOPC","43","1994",38705
"ADJPOPC","45","1994",34496
"ADJPOPC","47","1994",3499
"ADJPOPC","49","1994",9339
"ADJPOPC","51","1994",11671
"ADJPOPC","53","1994",612
"ADJPOPC","55","1994",6923
"ADJPOPC","57","1994",1642
"ADJPOPC","61","1994",1693
"ADJPOPC","63","1994",7340
"ADJPOPC","65","1994",6380
"ADJPOPC","67","1994",36906
"ADJPOPC","69","1994",214936
"ADJPOPC","71","1994",14754
"ADJPOPC","73","1994",5939
"ADJPOPC","75","1994",18828
"ADJPOPC","77","1994",102767
"ADJPOPC","79","1994",646
"ADJPOPC","81","1994",11996
"ADJPOPC","83","1994",21393
"ADJPOPC","85","1994",28502
"ADJPOPC","87","1994",25088
"ADJPOPC","89","1994",20490
"ADJPOPC","91","1994",2902
"ADJPOPC","93","1994",9526
"ADJPOPC","95","1994",4401
"ADJPOPC","97","1994",14539
"ADJPOPC","99","1994",13686
"ADJPOPC","101","1994",128722
"ADJPOPC","103","1994",6314
"ADJPOPC","105","1994",11461
"ADJPOPC","107","1994",16617
"ADJPOPC","109","1994",4942
"ADJPOPC","111","1994",566
"ADJPOPC","113","1994",5305
"ADJPOPC","115","1994",2664
"ADJPOPC","117","1994",17107
"ADJPOPC","119","1994",15790
"ADJPOPC","121","1994",5221
"ADJPOPC","123","1994",151368
"ADJPOPC","125","1994",9276
"ADJPOPC","500","1994",2070132
"ADJPOPC","3","1995",14097
"ADJPOPC","7","1995",7108
"ADJPOPC","9","1995",4428
"ADJPOPC","11","1995",5549
"ADJPOPC","15","1995",14656
"ADJPOPC","17","1995",2269
"ADJPOPC","19","1995",8684
"ADJPOPC","21","1995",7906
"ADJPOPC","23","1995",3511
"ADJPOPC","25","1995",4221
"ADJPOPC","27","1995",2618
"ADJPOPC","29","1995",25193
"ADJPOPC","33","1995",1566
"ADJPOPC","37","1995",30883
"ADJPOPC","39","1995",14328
"ADJPOPC","41","1995",469693
"ADJPOPC","43","1995",40522
"ADJPOPC","45","1995",36417
"ADJPOPC","47","1995",3668
"ADJPOPC","49","1995",9953
"ADJPOPC","51","1995",11974
"ADJPOPC","53","1995",659
"ADJPOPC","55","1995",7162
"ADJPOPC","57","1995",1609
"ADJPOPC","61","1995",1643
"ADJPOPC","63","1995",7413
"ADJPOPC","65","1995",7143
"ADJPOPC","67","1995",38760
"ADJPOPC","69","1995",221622
"ADJPOPC","71","1995",14909
"ADJPOPC","73","1995",5983
"ADJPOPC","75","1995",19368
"ADJPOPC","77","1995",105406
"ADJPOPC","79","1995",674
"ADJPOPC","81","1995",12187
"ADJPOPC","83","1995",22159
"ADJPOPC","85","1995",29670
"ADJPOPC","87","1995",25362
"ADJPOPC","89","1995",20695
"ADJPOPC","91","1995",3085
"ADJPOPC","93","1995",10577
"ADJPOPC","95","1995",4479
"ADJPOPC","97","1995",14652
"ADJPOPC","99","1995",13823
"ADJPOPC","101","1995",130832
"ADJPOPC","103","1995",6403
"ADJPOPC","105","1995",11698
"ADJPOPC","107","1995",17254
"ADJPOPC","109","1995",5270
"ADJPOPC","111","1995",574
"ADJPOPC","113","1995",5489
"ADJPOPC","115","1995",2650
"ADJPOPC","117","1995",18270
"ADJPOPC","119","1995",16981
"ADJPOPC","121","1995",5236
"ADJPOPC","123","1995",157173
"ADJPOPC","125","1995",9455
"ADJPOPC","500","1995",2115508
"ADJPOPC","3","1996",14322
"ADJPOPC","7","1996",7928
"ADJPOPC","9","1996",4526
"ADJPOPC","11","1996",5623
"ADJPOPC","15","1996",15125
"ADJPOPC","17","1996",2284
"ADJPOPC","19","1996",8716
"ADJPOPC","21","1996",8019
"ADJPOPC","23","1996",3581
"ADJPOPC","25","1996",4266
"ADJPOPC","27","1996",2848
"ADJPOPC","29","1996",25718
"ADJPOPC","33","1996",1636
"ADJPOPC","37","1996",32928
"ADJPOPC","39","1996",15806
"ADJPOPC","41","1996",476989
"ADJPOPC","43","1996",41828
"ADJPOPC","45","1996",37677
"ADJPOPC","47","1996",3792
"ADJPOPC","49","1996",10511
"ADJPOPC","51","1996",12244
"ADJPOPC","53","1996",707
"ADJPOPC","55","1996",7389
"ADJPOPC","57","1996",1594
"ADJPOPC","61","1996",1662
"ADJPOPC","63","1996",7486
"ADJPOPC","65","1996",7554
"ADJPOPC","67","1996",39704
"ADJPOPC","69","1996",227248
"ADJPOPC","71","1996",14967
"ADJPOPC","73","1996",6112
"ADJPOPC","75","1996",19661
"ADJPOPC","77","1996",107529
"ADJPOPC","79","1996",724
"ADJPOPC","81","1996",12291
"ADJPOPC","83","1996",22650
"ADJPOPC","85","1996",30487
"ADJPOPC","87","1996",26042
"ADJPOPC","89","1996",20747
"ADJPOPC","91","1996",3252
"ADJPOPC","93","1996",11377
"ADJPOPC","95","1996",4504
"ADJPOPC","97","1996",14553
"ADJPOPC","99","1996",14002
"ADJPOPC","101","1996",132498
"ADJPOPC","103","1996",6341
"ADJPOPC","105","1996",11820
"ADJPOPC","107","1996",17718
"ADJPOPC","109","1996",5425
"ADJPOPC","111","1996",582
"ADJPOPC","113","1996",5804
"ADJPOPC","115","1996",2686
"ADJPOPC","117","1996",19396
"ADJPOPC","119","1996",18135
"ADJPOPC","121","1996",5221
"ADJPOPC","123","1996",161809
"ADJPOPC","125","1996",9521
"ADJPOPC","500","1996",2166886
"ADJPOPC","3","1997",14478
"ADJPOPC","7","1997",8534
"ADJPOPC","9","1997",4562
"ADJPOPC","11","1997",5640
"ADJPOPC","15","1997",15406
"ADJPOPC","17","1997",2295
"ADJPOPC","19","1997",8880
"ADJPOPC","21","1997",8100
"ADJPOPC","23","1997",3641
"ADJPOPC","25","1997",4303
"ADJPOPC","27","1997",3057
"ADJPOPC","29","1997",26005
"ADJPOPC","33","1997",1674
"ADJPOPC","37","1997",35206
"ADJPOPC","39","1997",16987
"ADJPOPC","41","1997",486805
"ADJPOPC","43","1997",42844
"ADJPOPC","45","1997",38894
"ADJPOPC","47","1997",4035
"ADJPOPC","49","1997",10966
"ADJPOPC","51","1997",12405
"ADJPOPC","53","1997",739
"ADJPOPC","55","1997",7672
"ADJPOPC","57","1997",1596
"ADJPOPC","61","1997",1661
"ADJPOPC","63","1997",7599
"ADJPOPC","65","1997",7860
"ADJPOPC","67","1997",40318
"ADJPOPC","69","1997",232796
"ADJPOPC","71","1997",15045
"ADJPOPC","73","1997",6094
"ADJPOPC","75","1997",20008
"ADJPOPC","77","1997",109762
"ADJPOPC","79","1997",744
"ADJPOPC","81","1997",12572
"ADJPOPC","83","1997",22973
"ADJPOPC","85","1997",31252
"ADJPOPC","87","1997",26647
"ADJPOPC","89","1997",20767
"ADJPOPC","91","1997",3322
"ADJPOPC","93","1997",12362
"ADJPOPC","95","1997",4574
"ADJPOPC","97","1997",14787
"ADJPOPC","99","1997",14117
"ADJPOPC","101","1997",134794
"ADJPOPC","103","1997",6322
"ADJPOPC","105","1997",11966
"ADJPOPC","107","1997",18117
"ADJPOPC","109","1997",5492
"ADJPOPC","111","1997",571
"ADJPOPC","113","1997",5953
"ADJPOPC","115","1997",2731
"ADJPOPC","117","1997",20349
"ADJPOPC","119","1997",19066
"ADJPOPC","121","1997",5210
"ADJPOPC","123","1997",166840
"ADJPOPC","125","1997",9657
"ADJPOPC","500","1997",2218872
"ADJPOPC","3","1998",14623
"ADJPOPC","7","1998",9133
"ADJPOPC","9","1998",4531
"ADJPOPC","11","1998",5993
"ADJPOPC","15","1998",15526
"ADJPOPC","17","1998",2343
"ADJPOPC","19","1998",8998
"ADJPOPC","21","1998",8187
"ADJPOPC","23","1998",3700
"ADJPOPC","25","1998",4286
"ADJPOPC","27","1998",3175
"ADJPOPC","29","1998",26821
"ADJPOPC","33","1998",1766
"ADJPOPC","37","1998",37614
"ADJPOPC","39","1998",18032
"ADJPOPC","41","1998",498021
"ADJPOPC","43","1998",43813
"ADJPOPC","45","1998",41231
"ADJPOPC","47","1998",4246
"ADJPOPC","49","1998",11409
"ADJPOPC","51","1998",13442
"ADJPOPC","53","1998",776
"ADJPOPC","55","1998",7781
"ADJPOPC","57","1998",1587
"ADJPOPC","61","1998",1644
"ADJPOPC","63","1998",7754
"ADJPOPC","65","1998",7835
"ADJPOPC","67","1998",41173
"ADJPOPC","69","1998",239080
"ADJPOPC","71","1998",15054
"ADJPOPC","73","1998",6107
"ADJPOPC","75","1998",20003
"ADJPOPC","77","1998",112327
"ADJPOPC","79","1998",772
"ADJPOPC","81","1998",12812
"ADJPOPC","83","1998",23117
"ADJPOPC","85","1998",31837
"ADJPOPC","87","1998",26662
"ADJPOPC","89","1998",20516
"ADJPOPC","91","1998",3453
"ADJPOPC","93","1998",13065
"ADJPOPC","95","1998",4570
"ADJPOPC","97","1998",14781
"ADJPOPC","99","1998",14224
"ADJPOPC","101","1998",137381
"ADJPOPC","103","1998",6232
"ADJPOPC","105","1998",12123
"ADJPOPC","107","1998",18606
"ADJPOPC","109","1998",5558
"ADJPOPC","111","1998",555
"ADJPOPC","113","1998",6453
"ADJPOPC","115","1998",2681
"ADJPOPC","117","1998",21281
"ADJPOPC","119","1998",19672
"ADJPOPC","121","1998",5155
"ADJPOPC","123","1998",172394
"ADJPOPC","125","1998",9799
"ADJPOPC","500","1998",2280781
"ADJPOPC","3","1999",14822
"ADJPOPC","7","1999",9570
"ADJPOPC","9","1999",4523
"ADJPOPC","11","1999",5996
"ADJPOPC","15","1999",15936
"ADJPOPC","17","1999",2279
"ADJPOPC","19","1999",9183
"ADJPOPC","21","1999",8308
"ADJPOPC","23","1999",3679
"ADJPOPC","25","1999",4998
"ADJPOPC","27","1999",3364
"ADJPOPC","29","1999",27400
"ADJPOPC","33","1999",1811
"ADJPOPC","37","1999",39909
"ADJPOPC","39","1999",19087
"ADJPOPC","41","1999",508815
"ADJPOPC","43","1999",45144
"ADJPOPC","45","1999",42691
"ADJPOPC","47","1999",4538
"ADJPOPC","49","1999",11995
"ADJPOPC","51","1999",13736
"ADJPOPC","53","1999",784
"ADJPOPC","55","1999",7827
"ADJPOPC","57","1999",1582
"ADJPOPC","61","1999",1632
"ADJPOPC","63","1999",7901
"ADJPOPC","65","1999",7822
"ADJPOPC","67","1999",42757
"ADJPOPC","69","1999",246156
"ADJPOPC","71","1999",15142
"ADJPOPC","73","1999",6096
"ADJPOPC","75","1999",20289
"ADJPOPC","77","1999",114573
"ADJPOPC","79","1999",806
"ADJPOPC","81","1999",13025
"ADJPOPC","83","1999",23524
"ADJPOPC","85","1999",32748
"ADJPOPC","87","1999",26953
"ADJPOPC","89","1999",20399
"ADJPOPC","91","1999",3618
"ADJPOPC","93","1999",13900
"ADJPOPC","95","1999",4518
"ADJPOPC","97","1999",14833
"ADJPOPC","99","1999",14372
"ADJPOPC","101","1999",139718
"ADJPOPC","103","1999",6091
"ADJPOPC","105","1999",12289
"ADJPOPC","107","1999",19224
"ADJPOPC","109","1999",5765
"ADJPOPC","111","1999",557
"ADJPOPC","113","1999",6533
"ADJPOPC","115","1999",2719
"ADJPOPC","117","1999",22568
"ADJPOPC","119","1999",20179
"ADJPOPC","121","1999",5024
"ADJPOPC","123","1999",177265
"ADJPOPC","125","1999",9823
"ADJPOPC","500","1999",2349188
"ADJPOPC","3","2000",15097
"ADJPOPC","7","2000",10042
"ADJPOPC","9","2000",4500
"ADJPOPC","11","2000",5966
"ADJPOPC","15","2000",16312
"ADJPOPC","17","2000",2214
"ADJPOPC","19","2000",9360
"ADJPOPC","21","2000",8407
"ADJPOPC","23","2000",3673
"ADJPOPC","25","2000",5128
"ADJPOPC","27","2000",3518
"ADJPOPC","29","2000",27910
"ADJPOPC","33","2000",1847
"ADJPOPC","37","2000",43288
"ADJPOPC","39","2000",20102
"ADJPOPC","41","2000",519803
"ADJPOPC","43","2000",46369
"ADJPOPC","45","2000",44239
"ADJPOPC","47","2000",4807
"ADJPOPC","49","2000",12852
"ADJPOPC","51","2000",13988
"ADJPOPC","53","2000",792
"ADJPOPC","55","2000",7826
"ADJPOPC","57","2000",1574
"ADJPOPC","61","2000",1612
"ADJPOPC","63","2000",7975
"ADJPOPC","65","2000",7939
"ADJPOPC","67","2000",44578
"ADJPOPC","69","2000",253087
"ADJPOPC","71","2000",15286
"ADJPOPC","73","2000",6164
"ADJPOPC","75","2000",20656
"ADJPOPC","77","2000",117649
"ADJPOPC","79","2000",836
"ADJPOPC","81","2000",13182
"ADJPOPC","83","2000",23852
"ADJPOPC","85","2000",33579
"ADJPOPC","87","2000",27250
"ADJPOPC","89","2000",20244
"ADJPOPC","91","2000",3776
"ADJPOPC","93","2000",14728
"ADJPOPC","95","2000",4451
"ADJPOPC","97","2000",15763
"ADJPOPC","99","2000",14452
"ADJPOPC","101","2000",141854
"ADJPOPC","103","2000",5967
"ADJPOPC","105","2000",12429
"ADJPOPC","107","2000",20122
"ADJPOPC","109","2000",5982
"ADJPOPC","111","2000",574
"ADJPOPC","113","2000",6614
"ADJPOPC","115","2000",2742
"ADJPOPC","117","2000",25708
"ADJPOPC","119","2000",21067
"ADJPOPC","121","2000",4942
"ADJPOPC","123","2000",183074
"ADJPOPC","125","2000",9815
"ADJPOPC","500","2000",2421222
"ADJPOPC","3","2001",15231
"ADJPOPC","7","2001",10465
"ADJPOPC","9","2001",4447
"ADJPOPC","11","2001",5882
"ADJPOPC","15","2001",16410
"ADJPOPC","17","2001",2173
"ADJPOPC","19","2001",9464
"ADJPOPC","21","2001",8365
"ADJPOPC","23","2001",3741
"ADJPOPC","25","2001",5253
"ADJPOPC","27","2001",3730
"ADJPOPC","29","2001",28387
"ADJPOPC","33","2001",1865
"ADJPOPC","37","2001",44440
"ADJPOPC","39","2001",21294
"ADJPOPC","41","2001",536336
"ADJPOPC","43","2001",46733
"ADJPOPC","45","2001",45907
"ADJPOPC","47","2001",4829
"ADJPOPC","49","2001",13283
"ADJPOPC","51","2001",14345
"ADJPOPC","53","2001",804
"ADJPOPC","55","2001",7905
"ADJPOPC","57","2001",1590
"ADJPOPC","61","2001",1606
"ADJPOPC","63","2001",8073
"ADJPOPC","65","2001",7821
"ADJPOPC","67","2001",45645
"ADJPOPC","69","2001",260911
"ADJPOPC","71","2001",15310
"ADJPOPC","73","2001",6076
"ADJPOPC","75","2001",22354
"ADJPOPC","77","2001",119864
"ADJPOPC","79","2001",820
"ADJPOPC","81","2001",13089
"ADJPOPC","83","2001",23873
"ADJPOPC","85","2001",34442
"ADJPOPC","87","2001",27475
"ADJPOPC","89","2001",19900
"ADJPOPC","91","2001",3809
"ADJPOPC","93","2001",15172
"ADJPOPC","95","2001",4487
"ADJPOPC","97","2001",16184
"ADJPOPC","99","2001",14109
"ADJPOPC","101","2001",143996
"ADJPOPC","103","2001",5880
"ADJPOPC","105","2001",12406
"ADJPOPC","107","2001",20436
"ADJPOPC","109","2001",6083
"ADJPOPC","111","2001",566
"ADJPOPC","113","2001",6900
"ADJPOPC","115","2001",2694
"ADJPOPC","117","2001",26293
"ADJPOPC","119","2001",21738
"ADJPOPC","121","2001",4899
"ADJPOPC","123","2001",192482
"ADJPOPC","125","2001",9831
"ADJPOPC","500","2001",2476410
"ADJPOPC","3","2002",15266
"ADJPOPC","7","2002",10700
"ADJPOPC","9","2002",4315
"ADJPOPC","11","2002",6203
"ADJPOPC","15","2002",16646
"ADJPOPC","17","2002",2162
"ADJPOPC","19","2002",9466
"ADJPOPC","21","2002",8389
"ADJPOPC","23","2002",3734
"ADJPOPC","25","2002",5344
"ADJPOPC","27","2002",3783
"ADJPOPC","29","2002",28778
"ADJPOPC","33","2002",1880
"ADJPOPC","37","2002",45100
"ADJPOPC","39","2002",21604
"ADJPOPC","41","2002",545240
"ADJPOPC","43","2002",46969
"ADJPOPC","45","2002",46728
"ADJPOPC","47","2002",4830
"ADJPOPC","49","2002",13461
"ADJPOPC","51","2002",14316
"ADJPOPC","53","2002",806
"ADJPOPC","55","2002",7916
"ADJPOPC","57","2002",1591
"ADJPOPC","61","2002",1566
"ADJPOPC","63","2002",8289
"ADJPOPC","65","2002",7726
"ADJPOPC","67","2002",46089
"ADJPOPC","69","2002",266171
"ADJPOPC","71","2002",15659
"ADJPOPC","73","2002",6047
"ADJPOPC","75","2002",22095
"ADJPOPC","77","2002",121787
"ADJPOPC","79","2002",805
"ADJPOPC","81","2002",13134
"ADJPOPC","83","2002",24109
"ADJPOPC","85","2002",34926
"ADJPOPC","87","2002",27662
"ADJPOPC","89","2002",19624
"ADJPOPC","91","2002",3903
"ADJPOPC","93","2002",15417
"ADJPOPC","95","2002",4496
"ADJPOPC","97","2002",16101
"ADJPOPC","99","2002",14011
"ADJPOPC","101","2002",146481
"ADJPOPC","103","2002",5936
"ADJPOPC","105","2002",12409
"ADJPOPC","107","2002",20892
"ADJPOPC","109","2002",6245
"ADJPOPC","111","2002",599
"ADJPOPC","113","2002",7042
"ADJPOPC","115","2002",2694
"ADJPOPC","117","2002",26514
"ADJPOPC","119","2002",21989
"ADJPOPC","121","2002",5259
"ADJPOPC","123","2002",198975
"ADJPOPC","125","2002",9947
"ADJPOPC","500","2002",2504883
"ADJPOPC","3","2003",15360
"ADJPOPC","7","2003",10964
"ADJPOPC","9","2003",4258
"ADJPOPC","11","2003",6653
"ADJPOPC","15","2003",16794
"ADJPOPC","17","2003",2119
"ADJPOPC","19","2003",9517
"ADJPOPC","21","2003",8387
"ADJPOPC","23","2003",3800
"ADJPOPC","25","2003",5156
"ADJPOPC","27","2003",3934
"ADJPOPC","29","2003",29061
"ADJPOPC","33","2003",1879
"ADJPOPC","37","2003",45758
"ADJPOPC","39","2003",21933
"ADJPOPC","41","2003",551668
"ADJPOPC","43","2003",46828
"ADJPOPC","45","2003",47484
"ADJPOPC","47","2003",4851
"ADJPOPC","49","2003",13688
"ADJPOPC","51","2003",14206
"ADJPOPC","53","2003",784
"ADJPOPC","55","2003",8042
"ADJPOPC","57","2003",1586
"ADJPOPC","61","2003",1548
"ADJPOPC","63","2003",8185
"ADJPOPC","65","2003",7520
"ADJPOPC","67","2003",46447
"ADJPOPC","69","2003",268146
"ADJPOPC","71","2003",16089
"ADJPOPC","73","2003",6052
"ADJPOPC","75","2003",22371
"ADJPOPC","77","2003",124152
"ADJPOPC","79","2003",830
"ADJPOPC","81","2003",13054
"ADJPOPC","83","2003",24378
"ADJPOPC","85","2003",35640
"ADJPOPC","87","2003",27855
"ADJPOPC","89","2003",19667
"ADJPOPC","91","2003",3905
"ADJPOPC","93","2003",15789
"ADJPOPC","95","2003",4477
"ADJPOPC","97","2003",16275
"ADJPOPC","99","2003",13822
"ADJPOPC","101","2003",147972
"ADJPOPC","103","2003",5855
"ADJPOPC","105","2003",12619
"ADJPOPC","107","2003",21128
"ADJPOPC","109","2003",6279
"ADJPOPC","111","2003",615
"ADJPOPC","113","2003",7010
"ADJPOPC","115","2003",2715
"ADJPOPC","117","2003",26706
"ADJPOPC","119","2003",22218
"ADJPOPC","121","2003",5140
"ADJPOPC","123","2003",207157
"ADJPOPC","125","2003",10093
"ADJPOPC","500","2003",2528665
"ADJPOPC","3","2004",15406
"ADJPOPC","7","2004",11171
"ADJPOPC","9","2004",4166
"ADJPOPC","11","2004",6357
"ADJPOPC","15","2004",16946
"ADJPOPC","17","2004",2070
"ADJPOPC","19","2004",9461
"ADJPOPC","21","2004",8501
"ADJPOPC","23","2004",3802
"ADJPOPC","25","2004",5432
"ADJPOPC","27","2004",3984
"ADJPOPC","29","2004",29453
"ADJPOPC","33","2004",1873
"ADJPOPC","37","2004",46485
"ADJPOPC","39","2004",22041
"ADJPOPC","41","2004",558455
"ADJPOPC","43","2004",46540
"ADJPOPC","45","2004",48156
"ADJPOPC","47","2004",4825
"ADJPOPC","49","2004",13912
"ADJPOPC","51","2004",14230
"ADJPOPC","53","2004",831
"ADJPOPC","55","2004",7729
"ADJPOPC","57","2004",1521
"ADJPOPC","61","2004",1523
"ADJPOPC","63","2004",8257
"ADJPOPC","65","2004",7416
"ADJPOPC","67","2004",46926
"ADJPOPC","69","2004",273269
"ADJPOPC","71","2004",15700
"ADJPOPC","73","2004",5907
"ADJPOPC","75","2004",22181
"ADJPOPC","77","2004",126626
"ADJPOPC","79","2004",842
"ADJPOPC","81","2004",13063
"ADJPOPC","83","2004",24607
"ADJPOPC","85","2004",36131
"ADJPOPC","87","2004",27912
"ADJPOPC","89","2004",19561
"ADJPOPC","91","2004",4023
"ADJPOPC","93","2004",15913
"ADJPOPC","95","2004",4580
"ADJPOPC","97","2004",16077
"ADJPOPC","99","2004",13656
"ADJPOPC","101","2004",148720
"ADJPOPC","103","2004",5904
"ADJPOPC","105","2004",12824
"ADJPOPC","107","2004",21293
"ADJPOPC","109","2004",6240
"ADJPOPC","111","2004",635
"ADJPOPC","113","2004",7027
"ADJPOPC","115","2004",2606
"ADJPOPC","117","2004",26707
"ADJPOPC","119","2004",22218
"ADJPOPC","121","2004",5060
"ADJPOPC","123","2004",214069
"ADJPOPC","125","2004",9885
"ADJPOPC","500","2004",2558106
"ADJPOPC","3","2005",15395
"ADJPOPC","7","2005",11402
"ADJPOPC","9","2005",4098
"ADJPOPC","11","2005",6261
"ADJPOPC","15","2005",17022
"ADJPOPC","17","2005",2041
"ADJPOPC","19","2005",9392
"ADJPOPC","21","2005",8500
"ADJPOPC","23","2005",3695
"ADJPOPC","25","2005",5437
"ADJPOPC","27","2005",4045
"ADJPOPC","29","2005",29412
"ADJPOPC","33","2005",1888
"ADJPOPC","37","2005",47278
"ADJPOPC","39","2005",22259
"ADJPOPC","41","2005",569322
"ADJPOPC","43","2005",46447
"ADJPOPC","45","2005",49256
"ADJPOPC","47","2005",4892
"ADJPOPC","49","2005",13897
"ADJPOPC","51","2005",14473
"ADJPOPC","53","2005",813
"ADJPOPC","55","2005",7823
"ADJPOPC","57","2005",1492
"ADJPOPC","61","2005",1543
"ADJPOPC","63","2005",7998
"ADJPOPC","65","2005",7284
"ADJPOPC","67","2005",47713
"ADJPOPC","69","2005",275873
"ADJPOPC","71","2005",15570
"ADJPOPC","73","2005",5787
"ADJPOPC","75","2005",22088
"ADJPOPC","77","2005",128999
"ADJPOPC","79","2005",806
"ADJPOPC","81","2005",12965
"ADJPOPC","83","2005",24603
"ADJPOPC","85","2005",36997
"ADJPOPC","87","2005",27947
"ADJPOPC","89","2005",19370
"ADJPOPC","91","2005",4084
"ADJPOPC","93","2005",16061
"ADJPOPC","95","2005",4548
"ADJPOPC","97","2005",16136
"ADJPOPC","99","2005",13510
"ADJPOPC","101","2005",149969
"ADJPOPC","103","2005",5818
"ADJPOPC","105","2005",12696
"ADJPOPC","107","2005",21453
"ADJPOPC","109","2005",6284
"ADJPOPC","111","2005",645
"ADJPOPC","113","2005",7045
"ADJPOPC","115","2005",2578
"ADJPOPC","117","2005",26623
"ADJPOPC","119","2005",22505
"ADJPOPC","121","2005",4995
"ADJPOPC","123","2005",223432
"ADJPOPC","125","2005",9892
"ADJPOPC","500","2005",2582177
"ADJPOPC","3","2006",15350
"ADJPOPC","7","2006",11798
"ADJPOPC","9","2006",4088
"ADJPOPC","11","2006",6076
"ADJPOPC","15","2006",16984
"ADJPOPC","17","2006",1977
"ADJPOPC","19","2006",9279
"ADJPOPC","21","2006",8470
"ADJPOPC","23","2006",3698
"ADJPOPC","25","2006",5713
"ADJPOPC","27","2006",4017
"ADJPOPC","29","2006",29702
"ADJPOPC","33","2006",1990
"ADJPOPC","37","2006",48214
"ADJPOPC","39","2006",22527
"ADJPOPC","41","2006",582502
"ADJPOPC","43","2006",46703
"ADJPOPC","45","2006",51106
"ADJPOPC","47","2006",4953
"ADJPOPC","49","2006",14135
"ADJPOPC","51","2006",14650
"ADJPOPC","53","2006",830
"ADJPOPC","55","2006",7750
"ADJPOPC","57","2006",1443
"ADJPOPC","61","2006",1514
"ADJPOPC","63","2006",7946
"ADJPOPC","65","2006",7217
"ADJPOPC","67","2006",48408
"ADJPOPC","69","2006",281027
"ADJPOPC","71","2006",15552
"ADJPOPC","73","2006",5665
"ADJPOPC","75","2006",22267
"ADJPOPC","77","2006",133128
"ADJPOPC","79","2006",789
"ADJPOPC","81","2006",13102
"ADJPOPC","83","2006",25017
"ADJPOPC","85","2006",37968
"ADJPOPC","87","2006",27983
"ADJPOPC","89","2006",19193
"ADJPOPC","91","2006",4137
"ADJPOPC","93","2006",16128
"ADJPOPC","95","2006",4504
"ADJPOPC","97","2006",16087
"ADJPOPC","99","2006",13208
"ADJPOPC","101","2006",152064
"ADJPOPC","103","2006",5981
"ADJPOPC","105","2006",12439
"ADJPOPC","107","2006",21886
"ADJPOPC","109","2006",6241
"ADJPOPC","111","2006",672
"ADJPOPC","113","2006",7059
"ADJPOPC","115","2006",2515
"ADJPOPC","117","2006",26839
"ADJPOPC","119","2006",22791
"ADJPOPC","121","2006",4981
"ADJPOPC","123","2006",231283
"ADJPOPC","125","2006",9917
"ADJPOPC","500","2006",2626197
"ADJPOPC","3","2007",15293
"ADJPOPC","7","2007",12108
"ADJPOPC","9","2007",3993
"ADJPOPC","11","2007",5773
"ADJPOPC","15","2007",17238
"ADJPOPC","17","2007",1910
"ADJPOPC","19","2007",9333
"ADJPOPC","21","2007",8433
"ADJPOPC","23","2007",3676
"ADJPOPC","25","2007",5907
"ADJPOPC","27","2007",4130
"ADJPOPC","29","2007",29877
"ADJPOPC","33","2007",2001
"ADJPOPC","37","2007",49284
"ADJPOPC","39","2007",22478
"ADJPOPC","41","2007",588772
"ADJPOPC","43","2007",46654
"ADJPOPC","45","2007",52676
"ADJPOPC","47","2007",4964
"ADJPOPC","49","2007",14339
"ADJPOPC","51","2007",14957
"ADJPOPC","53","2007",845
"ADJPOPC","55","2007",7658
"ADJPOPC","57","2007",1422
"ADJPOPC","61","2007",1471
"ADJPOPC","63","2007",7835
"ADJPOPC","65","2007",7271
"ADJPOPC","67","2007",49146
"ADJPOPC","69","2007",286754
"ADJPOPC","71","2007",15525
"ADJPOPC","73","2007",5571
"ADJPOPC","75","2007",22403
"ADJPOPC","77","2007",137390
"ADJPOPC","79","2007",803
"ADJPOPC","81","2007",13270
"ADJPOPC","83","2007",25177
"ADJPOPC","85","2007",39131
"ADJPOPC","87","2007",27848
"ADJPOPC","89","2007",18937
"ADJPOPC","91","2007",4274
"ADJPOPC","93","2007",16336
"ADJPOPC","95","2007",4484
"ADJPOPC","97","2007",16236
"ADJPOPC","99","2007",12772
"ADJPOPC","101","2007",154759
"ADJPOPC","103","2007",6093
"ADJPOPC","105","2007",12167
"ADJPOPC","107","2007",22415
"ADJPOPC","109","2007",6159
"ADJPOPC","111","2007",686
"ADJPOPC","113","2007",7276
"ADJPOPC","115","2007",2422
"ADJPOPC","117","2007",27163
"ADJPOPC","119","2007",23164
"ADJPOPC","121","2007",4927
"ADJPOPC","123","2007",238279
"ADJPOPC","125","2007",9881
"ADJPOPC","500","2007",2670038
"ADJPOPC","3","2008",15346
"ADJPOPC","7","2008",12074
"ADJPOPC","9","2008",3906
"ADJPOPC","11","2008",6008
"ADJPOPC","15","2008",17403
"ADJPOPC","17","2008",1898
"ADJPOPC","19","2008",9294
"ADJPOPC","21","2008",8384
"ADJPOPC","23","2008",3611
"ADJPOPC","25","2008",5893
"ADJPOPC","27","2008",4119
"ADJPOPC","29","2008",30342
"ADJPOPC","33","2008",2074
"ADJPOPC","37","2008",50301
"ADJPOPC","39","2008",22663
"ADJPOPC","41","2008",599060
"ADJPOPC","43","2008",46774
"ADJPOPC","45","2008",54226
"ADJPOPC","47","2008",5084
"ADJPOPC","49","2008",14535
"ADJPOPC","51","2008",15137
"ADJPOPC","53","2008",824
"ADJPOPC","55","2008",7680
"ADJPOPC","57","2008",1381
"ADJPOPC","61","2008",1432
"ADJPOPC","63","2008",8042
"ADJPOPC","65","2008",7269
"ADJPOPC","67","2008",50073
"ADJPOPC","69","2008",292394
"ADJPOPC","71","2008",15486
"ADJPOPC","73","2008",5522
"ADJPOPC","75","2008",22324
"ADJPOPC","77","2008",140680
"ADJPOPC","79","2008",767
"ADJPOPC","81","2008",13446
"ADJPOPC","83","2008",25200
"ADJPOPC","85","2008",39952
"ADJPOPC","87","2008",27746
"ADJPOPC","89","2008",18853
"ADJPOPC","91","2008",4407
"ADJPOPC","93","2008",16278
"ADJPOPC","95","2008",4451
"ADJPOPC","97","2008",16673
"ADJPOPC","99","2008",12682
"ADJPOPC","101","2008",156252
"ADJPOPC","103","2008",6160
"ADJPOPC","105","2008",12105
"ADJPOPC","107","2008",22931
"ADJPOPC","109","2008",6176
"ADJPOPC","111","2008",698
"ADJPOPC","113","2008",7304
"ADJPOPC","115","2008",2420
"ADJPOPC","117","2008",27464
"ADJPOPC","119","2008",23102
"ADJPOPC","121","2008",4802
"ADJPOPC","123","2008",244116
"ADJPOPC","125","2008",9895
"ADJPOPC","500","2008",2716819
"ADJPOPC","3","2009",15301
"ADJPOPC","7","2009",11899
"ADJPOPC","9","2009",3814
"ADJPOPC","11","2009",6481
"ADJPOPC","15","2009",17604
"ADJPOPC","17","2009",1833
"ADJPOPC","19","2009",9060
"ADJPOPC","21","2009",8210
"ADJPOPC","23","2009",3505
"ADJPOPC","25","2009",5803
"ADJPOPC","27","2009",4166
"ADJPOPC","29","2009",30625
"ADJPOPC","33","2009",2052
"ADJPOPC","37","2009",51520
"ADJPOPC","39","2009",22890
"ADJPOPC","41","2009",608518
"ADJPOPC","43","2009",46635
"ADJPOPC","45","2009",55400
"ADJPOPC","47","2009",5396
"ADJPOPC","49","2009",14664
"ADJPOPC","51","2009",15266
"ADJPOPC","53","2009",827
"ADJPOPC","55","2009",6710
"ADJPOPC","57","2009",1386
"ADJPOPC","61","2009",1392
"ADJPOPC","63","2009",8269
"ADJPOPC","65","2009",7174
"ADJPOPC","67","2009",50759
"ADJPOPC","69","2009",297502
"ADJPOPC","71","2009",15477
"ADJPOPC","73","2009",5463
"ADJPOPC","75","2009",22517
"ADJPOPC","77","2009",144795
"ADJPOPC","79","2009",714
"ADJPOPC","81","2009",13544
"ADJPOPC","83","2009",25365
"ADJPOPC","85","2009",40680
"ADJPOPC","87","2009",28026
"ADJPOPC","89","2009",18844
"ADJPOPC","91","2009",4372
"ADJPOPC","93","2009",15971
"ADJPOPC","95","2009",4454
"ADJPOPC","97","2009",17053
"ADJPOPC","99","2009",12576
"ADJPOPC","101","2009",157324
"ADJPOPC","103","2009",6317
"ADJPOPC","105","2009",11995
"ADJPOPC","107","2009",23325
"ADJPOPC","109","2009",6126
"ADJPOPC","111","2009",687
"ADJPOPC","113","2009",7267
"ADJPOPC","115","2009",2376
"ADJPOPC","117","2009",27783
"ADJPOPC","119","2009",23205
"ADJPOPC","121","2009",4777
"ADJPOPC","123","2009",248959
"ADJPOPC","125","2009",10036
"ADJPOPC","500","2009",2762164
"ADJPOPC","3","2010",15454
"ADJPOPC","7","2010",12082
"ADJPOPC","9","2010",3765
"ADJPOPC","11","2010",6523
"ADJPOPC","15","2010",17835
"ADJPOPC","17","2010",1811
"ADJPOPC","19","2010",9083
"ADJPOPC","21","2010",8293
"ADJPOPC","23","2010",3549
"ADJPOPC","25","2010",5850
"ADJPOPC","27","2010",4248
"ADJPOPC","29","2010",30897
"ADJPOPC","33","2010",2084
"ADJPOPC","37","2010",52064
"ADJPOPC","39","2010",23140
"ADJPOPC","41","2010",627238
"ADJPOPC","43","2010",46856
"ADJPOPC","45","2010",56153
"ADJPOPC","47","2010",5461
"ADJPOPC","49","2010",14790
"ADJPOPC","51","2010",15314
"ADJPOPC","53","2010",825
"ADJPOPC","55","2010",6639
"ADJPOPC","57","2010",1417
"ADJPOPC","61","2010",1410
"ADJPOPC","63","2010",8259
"ADJPOPC","65","2010",7288
"ADJPOPC","67","2010",51443
"ADJPOPC","69","2010",300545
"ADJPOPC","71","2010",15383
"ADJPOPC","73","2010",5502
"ADJPOPC","75","2010",22291
"ADJPOPC","77","2010",146587
"ADJPOPC","79","2010",728
"ADJPOPC","81","2010",13812
"ADJPOPC","83","2010",25515
"ADJPOPC","85","2010",41179
"ADJPOPC","87","2010",28213
"ADJPOPC","89","2010",18875
"ADJPOPC","91","2010",4471
"ADJPOPC","93","2010",16277
"ADJPOPC","95","2010",4467
"ADJPOPC","97","2010",17147
"ADJPOPC","99","2010",12527
"ADJPOPC","101","2010",159464
"ADJPOPC","103","2010",6634
"ADJPOPC","105","2010",12018
"ADJPOPC","107","2010",23451
"ADJPOPC","109","2010",6101
"ADJPOPC","111","2010",713
"ADJPOPC","113","2010",7393
"ADJPOPC","115","2010",2403
"ADJPOPC","117","2010",28078
"ADJPOPC","119","2010",23402
"ADJPOPC","121","2010",4851
"ADJPOPC","123","2010",254240
"ADJPOPC","125","2010",10030
"ADJPOPC","500","2010",2797867
"ADJPOPC","3","2011",15679
"ADJPOPC","7","2011",12003
"ADJPOPC","9","2011",3799
"ADJPOPC","11","2011",6304
"ADJPOPC","15","2011",18012
"ADJPOPC","17","2011",1864
"ADJPOPC","19","2011",9070
"ADJPOPC","21","2011",8282
"ADJPOPC","23","2011",3647
"ADJPOPC","25","2011",5817
"ADJPOPC","27","2011",4227
"ADJPOPC","29","2011",30370
"ADJPOPC","33","2011",2025
"ADJPOPC","37","2011",51649
"ADJPOPC","39","2011",23213
"ADJPOPC","41","2011",638289
"ADJPOPC","43","2011",47406
"ADJPOPC","45","2011",56005
"ADJPOPC","47","2011",5448
"ADJPOPC","49","2011",14548
"ADJPOPC","51","2011",15269
"ADJPOPC","53","2011",824
"ADJPOPC","55","2011",6504
"ADJPOPC","57","2011",1372
"ADJPOPC","61","2011",1445
"ADJPOPC","63","2011",8181
"ADJPOPC","65","2011",7382
"ADJPOPC","67","2011",51866
"ADJPOPC","69","2011",305078
"ADJPOPC","71","2011",15045
"ADJPOPC","73","2011",5397
"ADJPOPC","75","2011",22254
"ADJPOPC","77","2011",148108
"ADJPOPC","79","2011",706
"ADJPOPC","81","2011",13402
"ADJPOPC","83","2011",25463
"ADJPOPC","85","2011",40894
"ADJPOPC","87","2011",28434
"ADJPOPC","89","2011",18831
"ADJPOPC","91","2011",4422
"ADJPOPC","93","2011",16096
"ADJPOPC","95","2011",4373
"ADJPOPC","97","2011",17125
"ADJPOPC","99","2011",12467
"ADJPOPC","101","2011",160157
"ADJPOPC","103","2011",6696
"ADJPOPC","105","2011",11905
"ADJPOPC","107","2011",23237
"ADJPOPC","109","2011",6184
"ADJPOPC","111","2011",693
"ADJPOPC","113","2011",7477
"ADJPOPC","115","2011",2367
"ADJPOPC","117","2011",27954
"ADJPOPC","119","2011",23294
"ADJPOPC","121","2011",4789
"ADJPOPC","123","2011",258551
"ADJPOPC","125","2011",10118
"ADJPOPC","500","2011",2847521
"ADJPOPC","3","2012",15687
"ADJPOPC","7","2012",12109
"ADJPOPC","9","2012",3746
"ADJPOPC","11","2012",5778
"ADJPOPC","15","2012",18123
"ADJPOPC","17","2012",1875
"ADJPOPC","19","2012",9103
"ADJPOPC","21","2012",8246
"ADJPOPC","23","2012",3601
"ADJPOPC","25","2012",5376
"ADJPOPC","27","2012",4241
"ADJPOPC","29","2012",30461
"ADJPOPC","33","2012",1990
"ADJPOPC","37","2012",51849
"ADJPOPC","39","2012",23371
"ADJPOPC","41","2012",647446
"ADJPOPC","43","2012",47075
"ADJPOPC","45","2012",56770
"ADJPOPC","47","2012",5457
"ADJPOPC","49","2012",14157
"ADJPOPC","51","2012",15384
"ADJPOPC","53","2012",795
"ADJPOPC","55","2012",6563
"ADJPOPC","57","2012",1338
"ADJPOPC","61","2012",1425
"ADJPOPC","63","2012",8088
"ADJPOPC","65","2012",7291
"ADJPOPC","67","2012",52457
"ADJPOPC","69","2012",310717
"ADJPOPC","71","2012",14966
"ADJPOPC","73","2012",5438
"ADJPOPC","75","2012",22003
"ADJPOPC","77","2012",148291
"ADJPOPC","79","2012",706
"ADJPOPC","81","2012",13135
"ADJPOPC","83","2012",25441
"ADJPOPC","85","2012",40691
"ADJPOPC","87","2012",28241
"ADJPOPC","89","2012",18660
"ADJPOPC","91","2012",4510
"ADJPOPC","93","2012",16052
"ADJPOPC","95","2012",4384
"ADJPOPC","97","2012",17222
"ADJPOPC","99","2012",12380
"ADJPOPC","101","2012",160759
"ADJPOPC","103","2012",6774
"ADJPOPC","105","2012",11865
"ADJPOPC","107","2012",23257
"ADJPOPC","109","2012",6316
"ADJPOPC","111","2012",692
"ADJPOPC","113","2012",7570
"ADJPOPC","115","2012",2370
"ADJPOPC","117","2012",28213
"ADJPOPC","119","2012",23349
"ADJPOPC","121","2012",4716
"ADJPOPC","123","2012",263924
"ADJPOPC","125","2012",10082
"ADJPOPC","500","2012",2898560
"ADJPOPC","3","2013",15804
"ADJPOPC","7","2013",12211
"ADJPOPC","9","2013",3679
"ADJPOPC","11","2013",5708
"ADJPOPC","15","2013",18281
"ADJPOPC","17","2013",1889
"ADJPOPC","19","2013",9095
"ADJPOPC","21","2013",8229
"ADJPOPC","23","2013",3537
"ADJPOPC","25","2013",5278
"ADJPOPC","27","2013",4287
"ADJPOPC","29","2013",30322
"ADJPOPC","33","2013",2021
"ADJPOPC","37","2013",52334
"ADJPOPC","39","2013",23632
"ADJPOPC","41","2013",656981
"ADJPOPC","43","2013",46441
"ADJPOPC","45","2013",56947
"ADJPOPC","47","2013",5571
"ADJPOPC","49","2013",14271
"ADJPOPC","51","2013",15591
"ADJPOPC","53","2013",804
"ADJPOPC","55","2013",6470
"ADJPOPC","57","2013",1353
"ADJPOPC","61","2013",1404
"ADJPOPC","63","2013",8269
"ADJPOPC","65","2013",7317
"ADJPOPC","67","2013",53405
"ADJPOPC","69","2013",316284
"ADJPOPC","71","2013",14378
"ADJPOPC","73","2013",5414
"ADJPOPC","75","2013",21809
"ADJPOPC","77","2013",148232
"ADJPOPC","79","2013",727
"ADJPOPC","81","2013",13080
"ADJPOPC","83","2013",25660
"ADJPOPC","85","2013",40674
"ADJPOPC","87","2013",28219
"ADJPOPC","89","2013",18505
"ADJPOPC","91","2013",4544
"ADJPOPC","93","2013",16188
"ADJPOPC","95","2013",4359
"ADJPOPC","97","2013",17390
"ADJPOPC","99","2013",12271
"ADJPOPC","101","2013",161085
"ADJPOPC","103","2013",6722
"ADJPOPC","105","2013",11696
"ADJPOPC","107","2013",23550
"ADJPOPC","109","2013",6221
"ADJPOPC","111","2013",700
"ADJPOPC","113","2013",7629
"ADJPOPC","115","2013",2343
"ADJPOPC","117","2013",28660
"ADJPOPC","119","2013",23271
"ADJPOPC","121","2013",4765
"ADJPOPC","123","2013",269981
"ADJPOPC","125","2013",10157
"ADJPOPC","500","2013",2952768
"ADJPOPC","3","2014",15845
"ADJPOPC","7","2014",12258
"ADJPOPC","9","2014",3624
"ADJPOPC","11","2014",5747
"ADJPOPC","15","2014",18459
"ADJPOPC","17","2014",1847
"ADJPOPC","19","2014",9210
"ADJPOPC","21","2014",8246
"ADJPOPC","23","2014",3560
"ADJPOPC","25","2014",5550
"ADJPOPC","27","2014",4368
"ADJPOPC","29","2014",29988
"ADJPOPC","33","2014",1965
"ADJPOPC","37","2014",52761
"ADJPOPC","39","2014",24093
"ADJPOPC","41","2014",665052
"ADJPOPC","43","2014",46389
"ADJPOPC","45","2014",57260
"ADJPOPC","47","2014",5769
"ADJPOPC","49","2014",14451
"ADJPOPC","51","2014",15767
"ADJPOPC","53","2014",774
"ADJPOPC","55","2014",6395
"ADJPOPC","57","2014",1389
"ADJPOPC","61","2014",1394
"ADJPOPC","63","2014",8039
"ADJPOPC","65","2014",7370
"ADJPOPC","67","2014",53978
"ADJPOPC","69","2014",324105
"ADJPOPC","71","2014",14078
"ADJPOPC","73","2014",5509
"ADJPOPC","75","2014",22099
"ADJPOPC","77","2014",148250
"ADJPOPC","79","2014",696
"ADJPOPC","81","2014",12866
"ADJPOPC","83","2014",25806
"ADJPOPC","85","2014",40769
"ADJPOPC","87","2014",28127
"ADJPOPC","89","2014",18398
"ADJPOPC","91","2014",4582
"ADJPOPC","93","2014",16356
"ADJPOPC","95","2014",4379
"ADJPOPC","97","2014",17623
"ADJPOPC","99","2014",12023
"ADJPOPC","101","2014",161618
"ADJPOPC","103","2014",6626
"ADJPOPC","105","2014",11542
"ADJPOPC","107","2014",24010
"ADJPOPC","109","2014",6171
"ADJPOPC","111","2014",719
"ADJPOPC","113","2014",7751
"ADJPOPC","115","2014",2331
"ADJPOPC","117","2014",29213
"ADJPOPC","119","2014",23402
"ADJPOPC","121","2014",4772
"ADJPOPC","123","2014",275845
"ADJPOPC","125","2014",10178
"ADJPOPC","500","2014",3008726
"ADJPOPC","3","2015",15968
"ADJPOPC","7","2015",12417
"ADJPOPC","9","2015",3594
"ADJPOPC","11","2015",5847
"ADJPOPC","15","2015",18603
"ADJPOPC","17","2015",1830
"ADJPOPC","19","2015",9392
"ADJPOPC","21","2015",8074
"ADJPOPC","23","2015",3572
"ADJPOPC","25","2015",5569
"ADJPOPC","27","2015",4457
"ADJPOPC","29","2015",29973
"ADJPOPC","33","2015",1972
"ADJPOPC","37","2015",53320
"ADJPOPC","39","2015",24640
"ADJPOPC","41","2015",676178
"ADJPOPC","43","2015",46659
"ADJPOPC","45","2015",57779
"ADJPOPC","47","2015",5824
"ADJPOPC","49","2015",14602
"ADJPOPC","51","2015",16097
"ADJPOPC","53","2015",767
"ADJPOPC","55","2015",6456
"ADJPOPC","57","2015",1353
"ADJPOPC","61","2015",1396
"ADJPOPC","63","2015",8219
"ADJPOPC","65","2015",7502
"ADJPOPC","67","2015",54857
"ADJPOPC","69","2015",332830
"ADJPOPC","71","2015",14061
"ADJPOPC","73","2015",5549
"ADJPOPC","75","2015",22122
"ADJPOPC","77","2015",149023
"ADJPOPC","79","2015",729
"ADJPOPC","81","2015",12884
"ADJPOPC","83","2015",26129
"ADJPOPC","85","2015",40795
"ADJPOPC","87","2015",28230
"ADJPOPC","89","2015",18265
"ADJPOPC","91","2015",4647
"ADJPOPC","93","2015",16716
"ADJPOPC","95","2015",4307
"ADJPOPC","97","2015",17845
"ADJPOPC","99","2015",11905
"ADJPOPC","101","2015",163196
"ADJPOPC","103","2015",6529
"ADJPOPC","105","2015",11413
"ADJPOPC","107","2015",24310
"ADJPOPC","109","2015",6219
"ADJPOPC","111","2015",696
"ADJPOPC","113","2015",7843
"ADJPOPC","115","2015",2389
"ADJPOPC","117","2015",29928
"ADJPOPC","119","2015",23431
"ADJPOPC","121","2015",4834
"ADJPOPC","123","2015",284571
"ADJPOPC","125","2015",10052
"ADJPOPC","500","2015",3069690
"ADJPOPC","3","2016",16131
"ADJPOPC","7","2016",12907
"ADJPOPC","9","2016",3557
"ADJPOPC","11","2016",5626
"ADJPOPC","15","2016",19097
"ADJPOPC","17","2016",1853
"ADJPOPC","19","2016",9443
"ADJPOPC","21","2016",8039
"ADJPOPC","23","2016",3707
"ADJPOPC","25","2016",5214
"ADJPOPC","27","2016",4617
"ADJPOPC","29","2016",30471
"ADJPOPC","33","2016",2035
"ADJPOPC","37","2016",53928
"ADJPOPC","39","2016",25169
"ADJPOPC","41","2016",690207
"ADJPOPC","43","2016",47487
"ADJPOPC","45","2016",58984
"ADJPOPC","47","2016",5926
"ADJPOPC","49","2016",15039
"ADJPOPC","51","2016",16394
"ADJPOPC","53","2016",775
"ADJPOPC","55","2016",6642
"ADJPOPC","57","2016",1351
"ADJPOPC","61","2016",1347
"ADJPOPC","63","2016",7639
"ADJPOPC","65","2016",7595
"ADJPOPC","67","2016",55697
"ADJPOPC","69","2016",338663
"ADJPOPC","71","2016",14082
"ADJPOPC","73","2016",5554
"ADJPOPC","75","2016",22047
"ADJPOPC","77","2016",150731
"ADJPOPC","79","2016",737
"ADJPOPC","81","2016",13088
"ADJPOPC","83","2016",26906
"ADJPOPC","85","2016",41421
"ADJPOPC","87","2016",28148
"ADJPOPC","89","2016",18290
"ADJPOPC","91","2016",4844
"ADJPOPC","93","2016",17285
"ADJPOPC","95","2016",4285
"ADJPOPC","97","2016",17773
"ADJPOPC","99","2016",11841
"ADJPOPC","101","2016",165109
"ADJPOPC","103","2016",6497
"ADJPOPC","105","2016",11424
"ADJPOPC","107","2016",24679
"ADJPOPC","109","2016",6404
"ADJPOPC","111","2016",698
"ADJPOPC","113","2016",8000
"ADJPOPC","115","2016",2421
"ADJPOPC","117","2016",30367
"ADJPOPC","119","2016",24154
"ADJPOPC","121","2016",4875
"ADJPOPC","123","2016",294397
"ADJPOPC","125","2016",10082
"ADJPOPC","500","2016",3116501
"ADJPOPC","3","2017",16308.01
"ADJPOPC","7","2017",13152.27
"ADJPOPC","9","2017",3544.602
"ADJPOPC","11","2017",5660.768
"ADJPOPC","15","2017",19391.21
"ADJPOPC","17","2017",1853.856
"ADJPOPC","19","2017",9455.705
"ADJPOPC","21","2017",8056.227
"ADJPOPC","23","2017",3737.681
"ADJPOPC","25","2017",5257.418
"ADJPOPC","27","2017",4664.974
"ADJPOPC","29","2017",30562.2
"ADJPOPC","33","2017",2050.208
"ADJPOPC","37","2017",54841.89
"ADJPOPC","39","2017",26450.83
"ADJPOPC","41","2017",701403.7
"ADJPOPC","43","2017",47570.06
"ADJPOPC","45","2017",60271.53
"ADJPOPC","47","2017",5962.307
"ADJPOPC","49","2017",15370.71
"ADJPOPC","51","2017",16609.36
"ADJPOPC","53","2017",795.1591
"ADJPOPC","55","2017",6634.304
"ADJPOPC","57","2017",1346.4
"ADJPOPC","61","2017",1348.242
"ADJPOPC","63","2017",7678.008
"ADJPOPC","65","2017",7624.866
"ADJPOPC","67","2017",57004.1
"ADJPOPC","69","2017",345035
"ADJPOPC","71","2017",14083.12
"ADJPOPC","73","2017",5615.532
"ADJPOPC","75","2017",22310.32
"ADJPOPC","77","2017",152003
"ADJPOPC","79","2017",744.1052
"ADJPOPC","81","2017",13122.16
"ADJPOPC","83","2017",27445.18
"ADJPOPC","85","2017",42189.31
"ADJPOPC","87","2017",28435.36
"ADJPOPC","89","2017",18334.52
"ADJPOPC","91","2017",4912.857
"ADJPOPC","93","2017",17608.36
"ADJPOPC","95","2017",4277.641
"ADJPOPC","97","2017",18005.81
"ADJPOPC","99","2017",11881.27
"ADJPOPC","101","2017",167022.5
"ADJPOPC","103","2017",6511.826
"ADJPOPC","105","2017",11435.59
"ADJPOPC","107","2017",25135.97
"ADJPOPC","109","2017",6457.899
"ADJPOPC","111","2017",703.7251
"ADJPOPC","113","2017",8266.446
"ADJPOPC","115","2017",2411.663
"ADJPOPC","117","2017",30959.34
"ADJPOPC","119","2017",24649.9
"ADJPOPC","121","2017",4904.652
"ADJPOPC","123","2017",304803
"ADJPOPC","125","2017",10142.39
"ADJPOPC","500","2017",3166972
"ADJPOPC","3","2018",16504.53
"ADJPOPC","7","2018",13422.31
"ADJPOPC","9","2018",3530.752
"ADJPOPC","11","2018",5713.244
"ADJPOPC","15","2018",19683.6
"ADJPOPC","17","2018",1852.137
"ADJPOPC","19","2018",9517.545
"ADJPOPC","21","2018",8063.196
"ADJPOPC","23","2018",3751.647
"ADJPOPC","25","2018",5305.705
"ADJPOPC","27","2018",4711.475
"ADJPOPC","29","2018",30696.05
"ADJPOPC","33","2018",2058.711
"ADJPOPC","37","2018",55753.78
"ADJPOPC","39","2018",27739.81
"ADJPOPC","41","2018",712641.4
"ADJPOPC","43","2018",47649.13
"ADJPOPC","45","2018",61560.4
"ADJPOPC","47","2018",5994.718
"ADJPOPC","49","2018",15696.58
"ADJPOPC","51","2018",16816.4
"ADJPOPC","53","2018",811.306
"ADJPOPC","55","2018",6626.365
"ADJPOPC","57","2018",1341.837
"ADJPOPC","61","2018",1349.979
"ADJPOPC","63","2018",7679.283
"ADJPOPC","65","2018",7652.68
"ADJPOPC","67","2018",58363.64
"ADJPOPC","69","2018",351126.2
"ADJPOPC","71","2018",14075.77
"ADJPOPC","73","2018",5677
"ADJPOPC","75","2018",22570.76
"ADJPOPC","77","2018",153648.5
"ADJPOPC","79","2018",750.7874
"ADJPOPC","81","2018",13149.56
"ADJPOPC","83","2018",27985.43
"ADJPOPC","85","2018",42846.18
"ADJPOPC","87","2018",28718.28
"ADJPOPC","89","2018",18357.89
"ADJPOPC","91","2018",4982.25
"ADJPOPC","93","2018",17927.29
"ADJPOPC","95","2018",4280.182
"ADJPOPC","97","2018",18232.01
"ADJPOPC","99","2018",11914.75
"ADJPOPC","101","2018",168888.6
"ADJPOPC","103","2018",6525.482
"ADJPOPC","105","2018",11443.09
"ADJPOPC","107","2018",25586.68
"ADJPOPC","109","2018",6508.776
"ADJPOPC","111","2018",709.0588
"ADJPOPC","113","2018",8530.095
"ADJPOPC","115","2018",2402.195
"ADJPOPC","117","2018",31556.42
"ADJPOPC","119","2018",25141.81
"ADJPOPC","121","2018",4920.095
"ADJPOPC","123","2018",315281.5
"ADJPOPC","125","2018",10200.64
"ADJPOPC","500","2018",3216193
"ADJPOPC","3","2019",16705.6
"ADJPOPC","7","2019",13689.35
"ADJPOPC","9","2019",3514.797
"ADJPOPC","11","2019",5765.661
"ADJPOPC","15","2019",19975.53
"ADJPOPC","17","2019",1850.706
"ADJPOPC","19","2019",9576.988
"ADJPOPC","21","2019",8070.127
"ADJPOPC","23","2019",3775.251
"ADJPOPC","25","2019",5361.557
"ADJPOPC","27","2019",4733.062
"ADJPOPC","29","2019",30871.61
"ADJPOPC","33","2019",2057.279
"ADJPOPC","37","2019",56662.5
"ADJPOPC","39","2019",29040.3
"ADJPOPC","41","2019",723994.2
"ADJPOPC","43","2019",47726.91
"ADJPOPC","45","2019",62842.02
"ADJPOPC","47","2019",6023.191
"ADJPOPC","49","2019",16016.26
"ADJPOPC","51","2019",17012.88
"ADJPOPC","53","2019",824.9179
"ADJPOPC","55","2019",6619.712
"ADJPOPC","57","2019",1337.585
"ADJPOPC","61","2019",1351.5
"ADJPOPC","63","2019",7690.038
"ADJPOPC","65","2019",7713.962
"ADJPOPC","67","2019",59644.8
"ADJPOPC","69","2019",357169.4
"ADJPOPC","71","2019",14064.58
"ADJPOPC","73","2019",5746.59
"ADJPOPC","75","2019",22827.48
"ADJPOPC","77","2019",155288
"ADJPOPC","79","2019",756.9555
"ADJPOPC","81","2019",13172.02
"ADJPOPC","83","2019",28532.92
"ADJPOPC","85","2019",43497.71
"ADJPOPC","87","2019",29001.55
"ADJPOPC","89","2019",18370.67
"ADJPOPC","91","2019",5042.534
"ADJPOPC","93","2019",18241.67
"ADJPOPC","95","2019",4283.345
"ADJPOPC","97","2019",18399.6
"ADJPOPC","99","2019",11939.39
"ADJPOPC","101","2019",170723.2
"ADJPOPC","103","2019",6538.668
"ADJPOPC","105","2019",11446.1
"ADJPOPC","107","2019",26028.49
"ADJPOPC","109","2019",6557.21
"ADJPOPC","111","2019",714.3854
"ADJPOPC","113","2019",8791.355
"ADJPOPC","115","2019",2391.966
"ADJPOPC","117","2019",32157.11
"ADJPOPC","119","2019",25632.2
"ADJPOPC","121","2019",4935.17
"ADJPOPC","123","2019",325826.1
"ADJPOPC","125","2019",10256.85
"ADJPOPC","500","2019",3266028
"ADJPOPC","3","2020",16910.25
"ADJPOPC","7","2020",13952.98
"ADJPOPC","9","2020",3496.672
"ADJPOPC","11","2020",5817.703
"ADJPOPC","15","2020",20266.97
"ADJPOPC","17","2020",1849.713
"ADJPOPC","19","2020",9634.312
"ADJPOPC","21","2020",8088.808
"ADJPOPC","23","2020",3778.091
"ADJPOPC","25","2020",5420.286
"ADJPOPC","27","2020",4755.49
"ADJPOPC","29","2020",31037.97
"ADJPOPC","33","2020",2065.129
"ADJPOPC","37","2020",57571.13
"ADJPOPC","39","2020",30247.84
"ADJPOPC","41","2020",735477.5
"ADJPOPC","43","2020",47801.09
"ADJPOPC","45","2020",64119.19
"ADJPOPC","47","2020",6048.845
"ADJPOPC","49","2020",16330.04
"ADJPOPC","51","2020",17202.3
"ADJPOPC","53","2020",847.6796
"ADJPOPC","55","2020",6614.074
"ADJPOPC","57","2020",1333.214
"ADJPOPC","61","2020",1352.835
"ADJPOPC","63","2020",7705.084
"ADJPOPC","65","2020",7777.496
"ADJPOPC","67","2020",60917.14
"ADJPOPC","69","2020",363216.4
"ADJPOPC","71","2020",14048.62
"ADJPOPC","73","2020",5830.824
"ADJPOPC","75","2020",23080.27
"ADJPOPC","77","2020",156921.6
"ADJPOPC","79","2020",762.7336
"ADJPOPC","81","2020",13191.49
"ADJPOPC","83","2020",29087.99
"ADJPOPC","85","2020",44144.1
"ADJPOPC","87","2020",29285.89
"ADJPOPC","89","2020",18373.71
"ADJPOPC","91","2020",5093.593
"ADJPOPC","93","2020",18551.03
"ADJPOPC","95","2020",4287.43
"ADJPOPC","97","2020",18562.41
"ADJPOPC","99","2020",11955.41
"ADJPOPC","101","2020",172528.8
"ADJPOPC","103","2020",6551.415
"ADJPOPC","105","2020",11444.44
"ADJPOPC","107","2020",26461.37
"ADJPOPC","109","2020",6602.853
"ADJPOPC","111","2020",719.6926
"ADJPOPC","113","2020",9050.094
"ADJPOPC","115","2020",2380.952
"ADJPOPC","117","2020",32760.33
"ADJPOPC","119","2020",26121.45
"ADJPOPC","121","2020",4949.295
"ADJPOPC","123","2020",336436.7
"ADJPOPC","125","2020",10310.56
"ADJPOPC","500","2020",3316066
"ADJPOPC","3","2021",17121.38
"ADJPOPC","7","2021",14212.69
"ADJPOPC","9","2021",3476.164
"ADJPOPC","11","2021",5859.307
"ADJPOPC","15","2021",20556.6
"ADJPOPC","17","2021",1848.948
"ADJPOPC","19","2021",9689.598
"ADJPOPC","21","2021",8108.924
"ADJPOPC","23","2021",3780.519
"ADJPOPC","25","2021",5481.378
"ADJPOPC","27","2021",4778.682
"ADJPOPC","29","2021",31246.16
"ADJPOPC","33","2021",2074.545
"ADJPOPC","37","2021",58472.98
"ADJPOPC","39","2021",31363.02
"ADJPOPC","41","2021",747062.1
"ADJPOPC","43","2021",47870.02
"ADJPOPC","45","2021",65391.39
"ADJPOPC","47","2021",6071.818
"ADJPOPC","49","2021",16637.36
"ADJPOPC","51","2021",17385.04
"ADJPOPC","53","2021",862.2374
"ADJPOPC","55","2021",6609.155
"ADJPOPC","57","2021",1329.176
"ADJPOPC","61","2021",1353.753
"ADJPOPC","63","2021",7734.912
"ADJPOPC","65","2021",7843.504
"ADJPOPC","67","2021",62179.53
"ADJPOPC","69","2021",369275.1
"ADJPOPC","71","2021",14053.26
"ADJPOPC","73","2021",5911.073
"ADJPOPC","75","2021",23329.39
"ADJPOPC","77","2021",158552.8
"ADJPOPC","79","2021",773.4351
"ADJPOPC","81","2021",13209.69
"ADJPOPC","83","2021",29651.47
"ADJPOPC","85","2021",44787.58
"ADJPOPC","87","2021",29570.9
"ADJPOPC","89","2021",18367.64
"ADJPOPC","91","2021",5135.847
"ADJPOPC","93","2021",18855.28
"ADJPOPC","95","2021",4293.154
"ADJPOPC","97","2021",18719.35
"ADJPOPC","99","2021",11963.99
"ADJPOPC","101","2021",174312.5
"ADJPOPC","103","2021",6564.176
"ADJPOPC","105","2021",11438.88
"ADJPOPC","107","2021",26898.45
"ADJPOPC","109","2021",6645.837
"ADJPOPC","111","2021",725.0974
"ADJPOPC","113","2021",9311.961
"ADJPOPC","115","2021",2372.311
"ADJPOPC","117","2021",33363.26
"ADJPOPC","119","2021",26507.4
"ADJPOPC","121","2021",4967.637
"ADJPOPC","123","2021",347619.4
"ADJPOPC","125","2021",10360.91
"ADJPOPC","500","2021",3365587
"ADJPOPC","3","2022",17322.91
"ADJPOPC","7","2022",14468.17
"ADJPOPC","9","2022",3453.234
"ADJPOPC","11","2022",5910.804
"ADJPOPC","15","2022",20844.04
"ADJPOPC","17","2022",1848.288
"ADJPOPC","19","2022",9742.543
"ADJPOPC","21","2022",8130.776
"ADJPOPC","23","2022",3782.412
"ADJPOPC","25","2022",5544.419
"ADJPOPC","27","2022",4802.83
"ADJPOPC","29","2022",31445.87
"ADJPOPC","33","2022",2085.26
"ADJPOPC","37","2022",59362.93
"ADJPOPC","39","2022",32588.2
"ADJPOPC","41","2022",758706.5
"ADJPOPC","43","2022",47936.42
"ADJPOPC","45","2022",66657.06
"ADJPOPC","47","2022",6092.311
"ADJPOPC","49","2022",16938.29
"ADJPOPC","51","2022",17602.39
"ADJPOPC","53","2022",882.1888
"ADJPOPC","55","2022",6604.73
"ADJPOPC","57","2022",1325.524
"ADJPOPC","61","2022",1348.908
"ADJPOPC","63","2022",7769.046
"ADJPOPC","65","2022",7911.762
"ADJPOPC","67","2022",63495.57
"ADJPOPC","69","2022",375766.9
"ADJPOPC","71","2022",14053.24
"ADJPOPC","73","2022",6003.444
"ADJPOPC","75","2022",23574.1
"ADJPOPC","77","2022",160183.5
"ADJPOPC","79","2022",783.9681
"ADJPOPC","81","2022",13226.58
"ADJPOPC","83","2022",30224.18
"ADJPOPC","85","2022",45428.45
"ADJPOPC","87","2022",29857.59
"ADJPOPC","89","2022",18339.72
"ADJPOPC","91","2022",5142.399
"ADJPOPC","93","2022",19154.32
"ADJPOPC","95","2022",4300.64
"ADJPOPC","97","2022",18871.33
"ADJPOPC","99","2022",11966.12
"ADJPOPC","101","2022",176081.8
"ADJPOPC","103","2022",6576.678
"ADJPOPC","105","2022",11430.39
"ADJPOPC","107","2022",27364.86
"ADJPOPC","109","2022",6655.17
"ADJPOPC","111","2022",730.4578
"ADJPOPC","113","2022",9576.846
"ADJPOPC","115","2022",2366.234
"ADJPOPC","117","2022",33963.62
"ADJPOPC","119","2022",26891.16
"ADJPOPC","121","2022",4985.051
"ADJPOPC","123","2022",359390.2
"ADJPOPC","125","2022",10407.73
"ADJPOPC","500","2022",3416605
"ADJPOPC","3","2023",17515.07
"ADJPOPC","7","2023",14719.45
"ADJPOPC","9","2023",3428.992
"ADJPOPC","11","2023",5958.049
"ADJPOPC","15","2023",21128.79
"ADJPOPC","17","2023",1847.881
"ADJPOPC","19","2023",9792.829
"ADJPOPC","21","2023",8154.547
"ADJPOPC","23","2023",3784.03
"ADJPOPC","25","2023",5609.765
"ADJPOPC","27","2023",4827.509
"ADJPOPC","29","2023",31637.74
"ADJPOPC","33","2023",2097.284
"ADJPOPC","37","2023",60348.32
"ADJPOPC","39","2023",33820.29
"ADJPOPC","41","2023",770420.9
"ADJPOPC","43","2023",47997.52
"ADJPOPC","45","2023",67917.67
"ADJPOPC","47","2023",6111.151
"ADJPOPC","49","2023",17233.89
"ADJPOPC","51","2023",17824.63
"ADJPOPC","53","2023",902.8688
"ADJPOPC","55","2023",6600.641
"ADJPOPC","57","2023",1322.511
"ADJPOPC","61","2023",1343.419
"ADJPOPC","63","2023",7807.079
"ADJPOPC","65","2023",7982.833
"ADJPOPC","67","2023",64815.58
"ADJPOPC","69","2023",382288.9
"ADJPOPC","71","2023",14048.85
"ADJPOPC","73","2023",6081.02
"ADJPOPC","75","2023",23814.87
"ADJPOPC","77","2023",162069.1
"ADJPOPC","79","2023",794.2543
"ADJPOPC","81","2023",13242.7
"ADJPOPC","83","2023",30805.86
"ADJPOPC","85","2023",46068
"ADJPOPC","87","2023",30145.96
"ADJPOPC","89","2023",18290.66
"ADJPOPC","91","2023",5154.119
"ADJPOPC","93","2023",19447.91
"ADJPOPC","95","2023",4307.909
"ADJPOPC","97","2023",19018.84
"ADJPOPC","99","2023",11962.13
"ADJPOPC","101","2023",177837.9
"ADJPOPC","103","2023",6589.269
"ADJPOPC","105","2023",11418.8
"ADJPOPC","107","2023",27875.88
"ADJPOPC","109","2023",6661.47
"ADJPOPC","111","2023",730.7938
"ADJPOPC","113","2023",9845.2
"ADJPOPC","115","2023",2367.732
"ADJPOPC","117","2023",34558.48
"ADJPOPC","119","2023",27272.46
"ADJPOPC","121","2023",5001.296
"ADJPOPC","123","2023",371246.5
"ADJPOPC","125","2023",10450.02
"ADJPOPC","500","2023",3469486
"ADJPOPC","3","2024",17706.88
"ADJPOPC","7","2024",14965.57
"ADJPOPC","9","2024",3404.44
"ADJPOPC","11","2024",6009.529
"ADJPOPC","15","2024",21410.92
"ADJPOPC","17","2024",1847.927
"ADJPOPC","19","2024",9840.576
"ADJPOPC","21","2024",8180.613
"ADJPOPC","23","2024",3785.412
"ADJPOPC","25","2024",5677.499
"ADJPOPC","27","2024",4853.283
"ADJPOPC","29","2024",31822.46
"ADJPOPC","33","2024",2110.72
"ADJPOPC","37","2024",61434.01
"ADJPOPC","39","2024",35160.9
"ADJPOPC","41","2024",782287.5
"ADJPOPC","43","2024",48053.2
"ADJPOPC","45","2024",69172.67
"ADJPOPC","47","2024",6128.711
"ADJPOPC","49","2024",17524.14
"ADJPOPC","51","2024",18041.43
"ADJPOPC","53","2024",924.206
"ADJPOPC","55","2024",6596.552
"ADJPOPC","57","2024",1320.063
"ADJPOPC","61","2024",1337.259
"ADJPOPC","63","2024",7848.836
"ADJPOPC","65","2024",8056.587
"ADJPOPC","67","2024",66051.66
"ADJPOPC","69","2024",388798.5
"ADJPOPC","71","2024",14040.68
"ADJPOPC","73","2024",6153.697
"ADJPOPC","75","2024",24051.77
"ADJPOPC","77","2024",164113
"ADJPOPC","79","2024",804.2635
"ADJPOPC","81","2024",13258.67
"ADJPOPC","83","2024",31396.58
"ADJPOPC","85","2024",46706.18
"ADJPOPC","87","2024",30436.32
"ADJPOPC","89","2024",18220.7
"ADJPOPC","91","2024",5164.363
"ADJPOPC","93","2024",19736.41
"ADJPOPC","95","2024",4315.179
"ADJPOPC","97","2024",19160.33
"ADJPOPC","99","2024",11953.23
"ADJPOPC","101","2024",179583.3
"ADJPOPC","103","2024",6601.425
"ADJPOPC","105","2024",11405.08
"ADJPOPC","107","2024",28484.9
"ADJPOPC","109","2024",6665.361
"ADJPOPC","111","2024",731.1702
"ADJPOPC","113","2024",10116.79
"ADJPOPC","115","2024",2364.584
"ADJPOPC","117","2024",35249.31
"ADJPOPC","119","2024",27648.51
"ADJPOPC","121","2024",5016.674
"ADJPOPC","123","2024",383551
"ADJPOPC","125","2024",10493.9
"ADJPOPC","500","2024",3522585
"ADJPOPC","3","2025",17899.49
"ADJPOPC","7","2025",15207.27
"ADJPOPC","9","2025",3379.816
"ADJPOPC","11","2025",6061.542
"ADJPOPC","15","2025",21690.54
"ADJPOPC","17","2025",1848.4
"ADJPOPC","19","2025",9886.41
"ADJPOPC","21","2025",8209.664
"ADJPOPC","23","2025",3786.657
"ADJPOPC","25","2025",5747.843
"ADJPOPC","27","2025",4879.73
"ADJPOPC","29","2025",32000.66
"ADJPOPC","33","2025",2125.584
"ADJPOPC","37","2025",62627.77
"ADJPOPC","39","2025",36505.61
"ADJPOPC","41","2025",794305.8
"ADJPOPC","43","2025",48104.56
"ADJPOPC","45","2025",70421.07
"ADJPOPC","47","2025",6145.362
"ADJPOPC","49","2025",17809.32
"ADJPOPC","51","2025",18254.59
"ADJPOPC","53","2025",946.3108
"ADJPOPC","55","2025",6592.708
"ADJPOPC","57","2025",1317.905
"ADJPOPC","61","2025",1330.802
"ADJPOPC","63","2025",7894.351
"ADJPOPC","65","2025",8133.196
"ADJPOPC","67","2025",67282
"ADJPOPC","69","2025",395294.1
"ADJPOPC","71","2025",14029.53
"ADJPOPC","73","2025",6231.711
"ADJPOPC","75","2025",24286.17
"ADJPOPC","77","2025",166472.9
"ADJPOPC","79","2025",813.9521
"ADJPOPC","81","2025",13276.09
"ADJPOPC","83","2025",31994.56
"ADJPOPC","85","2025",47649.09
"ADJPOPC","87","2025",30732.7
"ADJPOPC","89","2025",18131.41
"ADJPOPC","91","2025",5168.535
"ADJPOPC","93","2025",20020.65
"ADJPOPC","95","2025",4322.645
"ADJPOPC","97","2025",19297.26
"ADJPOPC","99","2025",11940.96
"ADJPOPC","101","2025",181329.2
"ADJPOPC","103","2025",6628.375
"ADJPOPC","105","2025",11411.21
"ADJPOPC","107","2025",29190.16
"ADJPOPC","109","2025",6667.932
"ADJPOPC","111","2025",737.7548
"ADJPOPC","113","2025",10391.16
"ADJPOPC","115","2025",2363.014
"ADJPOPC","117","2025",35983.34
"ADJPOPC","119","2025",27970.21
"ADJPOPC","121","2025",5031.39
"ADJPOPC","123","2025",395971.6
"ADJPOPC","125","2025",10534.93
"ADJPOPC","500","2025",3576972
"ADJPOPC","3","2026",18096.42
"ADJPOPC","7","2026",15468.52
"ADJPOPC","9","2026",3355.184
"ADJPOPC","11","2026",6101.891
"ADJPOPC","15","2026",21968.36
"ADJPOPC","17","2026",1849.307
"ADJPOPC","19","2026",9956.238
"ADJPOPC","21","2026",8242.13
"ADJPOPC","23","2026",3787.906
"ADJPOPC","25","2026",5822.938
"ADJPOPC","27","2026",4911.737
"ADJPOPC","29","2026",32172.95
"ADJPOPC","33","2026",2140.074
"ADJPOPC","37","2026",63934.63
"ADJPOPC","39","2026",38159.2
"ADJPOPC","41","2026",806437
"ADJPOPC","43","2026",48231.67
"ADJPOPC","45","2026",71714.39
"ADJPOPC","47","2026",6151.725
"ADJPOPC","49","2026",18088.88
"ADJPOPC","51","2026",18463.44
"ADJPOPC","53","2026",969.1664
"ADJPOPC","55","2026",6589.045
"ADJPOPC","57","2026",1316.232
"ADJPOPC","61","2026",1324.036
"ADJPOPC","63","2026",7943.943
"ADJPOPC","65","2026",8212.658
"ADJPOPC","67","2026",68505.35
"ADJPOPC","69","2026",401777.4
"ADJPOPC","71","2026",14015.86
"ADJPOPC","73","2026",6319.97
"ADJPOPC","75","2026",24519.59
"ADJPOPC","77","2026",169052.4
"ADJPOPC","79","2026",823.3856
"ADJPOPC","81","2026",13296.28
"ADJPOPC","83","2026",32601.76
"ADJPOPC","85","2026",48796.9
"ADJPOPC","87","2026",31061.91
"ADJPOPC","89","2026",18035.06
"ADJPOPC","91","2026",5179.661
"ADJPOPC","93","2026",20351.98
"ADJPOPC","95","2026",4330.201
"ADJPOPC","97","2026",19482.46
"ADJPOPC","99","2026",11926.21
"ADJPOPC","101","2026",183180.3
"ADJPOPC","103","2026",6655.728
"ADJPOPC","105","2026",11416.67
"ADJPOPC","107","2026",29932.35
"ADJPOPC","109","2026",6669.758
"ADJPOPC","111","2026",740.3921
"ADJPOPC","113","2026",10663.74
"ADJPOPC","115","2026",2360.568
"ADJPOPC","117","2026",36758.63
"ADJPOPC","119","2026",28235.14
"ADJPOPC","121","2026",5045.392
"ADJPOPC","123","2026",408513
"ADJPOPC","125","2026",10574.19
"ADJPOPC","500","2026",3631526
"ADJPOPC","3","2027",18294.6
"ADJPOPC","7","2027",15772.42
"ADJPOPC","9","2027",3331.113
"ADJPOPC","11","2027",6138.381
"ADJPOPC","15","2027",22294.36
"ADJPOPC","17","2027",1850.26
"ADJPOPC","19","2027",10036.97
"ADJPOPC","21","2027",8274.815
"ADJPOPC","23","2027",3789.376
"ADJPOPC","25","2027",5898.266
"ADJPOPC","27","2027",4947.698
"ADJPOPC","29","2027",32339.7
"ADJPOPC","33","2027",2152.108
"ADJPOPC","37","2027",65345.96
"ADJPOPC","39","2027",39606.1
"ADJPOPC","41","2027",818605.5
"ADJPOPC","43","2027",48435.51
"ADJPOPC","45","2027",73064.17
"ADJPOPC","47","2027",6157.593
"ADJPOPC","49","2027",18364.56
"ADJPOPC","51","2027",18670.42
"ADJPOPC","53","2027",992.7269
"ADJPOPC","55","2027",6584.006
"ADJPOPC","57","2027",1315.268
"ADJPOPC","61","2027",1317.464
"ADJPOPC","63","2027",7999.089
"ADJPOPC","65","2027",8292.692
"ADJPOPC","67","2027",69727.28
"ADJPOPC","69","2027",408161.9
"ADJPOPC","71","2027",13999.62
"ADJPOPC","73","2027",6412.342
"ADJPOPC","75","2027",24751.5
"ADJPOPC","77","2027",171836.1
"ADJPOPC","79","2027",832.8957
"ADJPOPC","81","2027",13317.49
"ADJPOPC","83","2027",33210.78
"ADJPOPC","85","2027",49941.44
"ADJPOPC","87","2027",31418.62
"ADJPOPC","89","2027",17932.07
"ADJPOPC","91","2027",5186.672
"ADJPOPC","93","2027",20731.32
"ADJPOPC","95","2027",4332.629
"ADJPOPC","97","2027",19666.5
"ADJPOPC","99","2027",11911.61
"ADJPOPC","101","2027",185178.6
"ADJPOPC","103","2027",6682.845
"ADJPOPC","105","2027",11422.32
"ADJPOPC","107","2027",30675.3
"ADJPOPC","109","2027",6670.983
"ADJPOPC","111","2027",740.9933
"ADJPOPC","113","2027",10934.35
"ADJPOPC","115","2027",2352.283
"ADJPOPC","117","2027",37526.94
"ADJPOPC","119","2027",28493.58
"ADJPOPC","121","2027",5059.804
"ADJPOPC","123","2027",421170
"ADJPOPC","125","2027",10605.63
"ADJPOPC","500","2027",3685796
"ADJPOPC","3","2028",18493.66
"ADJPOPC","7","2028",16118.99
"ADJPOPC","9","2028",3307.519
"ADJPOPC","11","2028",6161.701
"ADJPOPC","15","2028",22546.36
"ADJPOPC","17","2028",1851.255
"ADJPOPC","19","2028",10129.04
"ADJPOPC","21","2028",8307.588
"ADJPOPC","23","2028",3791.151
"ADJPOPC","25","2028",5974.115
"ADJPOPC","27","2028",4987.725
"ADJPOPC","29","2028",32602.65
"ADJPOPC","33","2028",2162.079
"ADJPOPC","37","2028",66853.94
"ADJPOPC","39","2028",41046.92
"ADJPOPC","41","2028",830828
"ADJPOPC","43","2028",48689.13
"ADJPOPC","45","2028",74469.94
"ADJPOPC","47","2028",6163.653
"ADJPOPC","49","2028",18688.42
"ADJPOPC","51","2028",18875.81
"ADJPOPC","53","2028",1016.681
"ADJPOPC","55","2028",6577.434
"ADJPOPC","57","2028",1315.002
"ADJPOPC","61","2028",1310.929
"ADJPOPC","63","2028",8054.431
"ADJPOPC","65","2028",8372.638
"ADJPOPC","67","2028",70911.65
"ADJPOPC","69","2028",414232.4
"ADJPOPC","71","2028",13980.83
"ADJPOPC","73","2028",6493.339
"ADJPOPC","75","2028",24981.52
"ADJPOPC","77","2028",174823.8
"ADJPOPC","79","2028",837.3683
"ADJPOPC","81","2028",13339.82
"ADJPOPC","83","2028",33820.94
"ADJPOPC","85","2028",51082.35
"ADJPOPC","87","2028",31803.43
"ADJPOPC","89","2028",17809.22
"ADJPOPC","91","2028",5190.12
"ADJPOPC","93","2028",21102.31
"ADJPOPC","95","2028",4341.935
"ADJPOPC","97","2028",19850.32
"ADJPOPC","99","2028",11896.91
"ADJPOPC","101","2028",187175.7
"ADJPOPC","103","2028",6709.639
"ADJPOPC","105","2028",11428.47
"ADJPOPC","107","2028",31423.57
"ADJPOPC","109","2028",6671.652
"ADJPOPC","111","2028",744.5936
"ADJPOPC","113","2028",11204.34
"ADJPOPC","115","2028",2346.747
"ADJPOPC","117","2028",38238.21
"ADJPOPC","119","2028",28744.88
"ADJPOPC","121","2028",5074.716
"ADJPOPC","123","2028",433936.5
"ADJPOPC","125","2028",10646.06
"ADJPOPC","500","2028",3737977
"ADJPOPC","3","2029",18693.22
"ADJPOPC","7","2029",16508.72
"ADJPOPC","9","2029",3284.443
"ADJPOPC","11","2029",6183.93
"ADJPOPC","15","2029",22795.13
"ADJPOPC","17","2029",1852.267
"ADJPOPC","19","2029",10222.88
"ADJPOPC","21","2029",8340.394
"ADJPOPC","23","2029",3793.147
"ADJPOPC","25","2029",6050.783
"ADJPOPC","27","2029",5031.685
"ADJPOPC","29","2029",32961.91
"ADJPOPC","33","2029",2176.285
"ADJPOPC","37","2029",68356.68
"ADJPOPC","39","2029",42377.17
"ADJPOPC","41","2029",843015.2
"ADJPOPC","43","2029",48994.21
"ADJPOPC","45","2029",75933.05
"ADJPOPC","47","2029",6170.326
"ADJPOPC","49","2029",19062.54
"ADJPOPC","51","2029",19079.89
"ADJPOPC","53","2029",1041.403
"ADJPOPC","55","2029",6569.256
"ADJPOPC","57","2029",1315.37
"ADJPOPC","61","2029",1304.337
"ADJPOPC","63","2029",8110.754
"ADJPOPC","65","2029",8453.155
"ADJPOPC","67","2029",72093.1
"ADJPOPC","69","2029",420280.2
"ADJPOPC","71","2029",13960.06
"ADJPOPC","73","2029",6586.637
"ADJPOPC","75","2029",25210.2
"ADJPOPC","77","2029",178014.5
"ADJPOPC","79","2029",841.7881
"ADJPOPC","81","2029",13363.39
"ADJPOPC","83","2029",34431.66
"ADJPOPC","85","2029",52218.72
"ADJPOPC","87","2029",32216.04
"ADJPOPC","89","2029",17686.99
"ADJPOPC","91","2029",5202.601
"ADJPOPC","93","2029",21469.96
"ADJPOPC","95","2029",4332.956
"ADJPOPC","97","2029",20034.39
"ADJPOPC","99","2029",11881.42
"ADJPOPC","101","2029",189173.2
"ADJPOPC","103","2029",6735.737
"ADJPOPC","105","2029",11434.64
"ADJPOPC","107","2029",32168.16
"ADJPOPC","109","2029",6671.756
"ADJPOPC","111","2029",745.1271
"ADJPOPC","113","2029",11473.49
"ADJPOPC","115","2029",2346.415
"ADJPOPC","117","2029",38892.37
"ADJPOPC","119","2029",28988.68
"ADJPOPC","121","2029",5089.7
"ADJPOPC","123","2029",446805.8
"ADJPOPC","125","2029",10680.6
"ADJPOPC","500","2029",3786919
"ADJPOPC","3","2030",18894.1
"ADJPOPC","7","2030",16941.77
"ADJPOPC","9","2030",3262.174
"ADJPOPC","11","2030",6206.157
"ADJPOPC","15","2030",23040.32
"ADJPOPC","17","2030",1848.311
"ADJPOPC","19","2030",10318.64
"ADJPOPC","21","2030",8373.746
"ADJPOPC","23","2030",3795.317
"ADJPOPC","25","2030",6127.875
"ADJPOPC","27","2030",5079.377
"ADJPOPC","29","2030",33417.06
"ADJPOPC","33","2030",2191.43
"ADJPOPC","37","2030",69747.78
"ADJPOPC","39","2030",43694.85
"ADJPOPC","41","2030",855169.9
"ADJPOPC","43","2030",49353.6
"ADJPOPC","45","2030",77404.14
"ADJPOPC","47","2030",6178.093
"ADJPOPC","49","2030",19486.9
"ADJPOPC","51","2030",19281.9
"ADJPOPC","53","2030",1066.859
"ADJPOPC","55","2030",6559.673
"ADJPOPC","57","2030",1316.359
"ADJPOPC","61","2030",1297.521
"ADJPOPC","63","2030",8168.788
"ADJPOPC","65","2030",8535.997
"ADJPOPC","67","2030",73266.41
"ADJPOPC","69","2030",426293
"ADJPOPC","71","2030",13937.15
"ADJPOPC","73","2030",6672.794
"ADJPOPC","75","2030",25437.66
"ADJPOPC","77","2030",181208.6
"ADJPOPC","79","2030",846.0912
"ADJPOPC","81","2030",13388.93
"ADJPOPC","83","2030",35042.93
"ADJPOPC","85","2030",53354.54
"ADJPOPC","87","2030",32630.67
"ADJPOPC","89","2030",17565.82
"ADJPOPC","91","2030",5210.473
"ADJPOPC","93","2030",21833.85
"ADJPOPC","95","2030",4336.151
"ADJPOPC","97","2030",20217.73
"ADJPOPC","99","2030",11865.14
"ADJPOPC","101","2030",191162.7
"ADJPOPC","103","2030",6763.201
"ADJPOPC","105","2030",11440.48
"ADJPOPC","107","2030",32916.05
"ADJPOPC","109","2030",6671.51
"ADJPOPC","111","2030",745.907
"ADJPOPC","113","2030",11742.28
"ADJPOPC","115","2030",2339.578
"ADJPOPC","117","2030",39539.67
"ADJPOPC","119","2030",29228.49
"ADJPOPC","121","2030",5104.413
"ADJPOPC","123","2030",459771.8
"ADJPOPC","125","2030",10720.58
"ADJPOPC","500","2030",3834179
"ADJPOPC","3","2031",19097.42
"ADJPOPC","7","2031",17417.92
"ADJPOPC","9","2031",3240.723
"ADJPOPC","11","2031",6228.2
"ADJPOPC","15","2031",23378.34
"ADJPOPC","17","2031",1839.058
"ADJPOPC","19","2031",10415.79
"ADJPOPC","21","2031",8407.696
"ADJPOPC","23","2031",3797.699
"ADJPOPC","25","2031",6205.666
"ADJPOPC","27","2031",5126.006
"ADJPOPC","29","2031",33903.62
"ADJPOPC","33","2031",2207.773
"ADJPOPC","37","2031",71131.31
"ADJPOPC","39","2031",44997.64
"ADJPOPC","41","2031",867280.3
"ADJPOPC","43","2031",49712.59
"ADJPOPC","45","2031",78878.28
"ADJPOPC","47","2031",6206.786
"ADJPOPC","49","2031",19910.43
"ADJPOPC","51","2031",19482.83
"ADJPOPC","53","2031",1092.872
"ADJPOPC","55","2031",6548.698
"ADJPOPC","57","2031",1318.143
"ADJPOPC","61","2031",1290.565
"ADJPOPC","63","2031",8228.725
"ADJPOPC","65","2031",8620.577
"ADJPOPC","67","2031",74434.6
"ADJPOPC","69","2031",432268.4
"ADJPOPC","71","2031",13912.07
"ADJPOPC","73","2031",6762.31
"ADJPOPC","75","2031",25663.51
"ADJPOPC","77","2031",184402.3
"ADJPOPC","79","2031",850.229
"ADJPOPC","81","2031",13414.59
"ADJPOPC","83","2031",35654.16
"ADJPOPC","85","2031",54485.94
"ADJPOPC","87","2031",33048.53
"ADJPOPC","89","2031",17444.14
"ADJPOPC","91","2031",5215.893
"ADJPOPC","93","2031",22175.4
"ADJPOPC","95","2031",4339.753
"ADJPOPC","97","2031",20402.03
"ADJPOPC","99","2031",11847.47
"ADJPOPC","101","2031",193138.4
"ADJPOPC","103","2031",6791.826
"ADJPOPC","105","2031",11446.16
"ADJPOPC","107","2031",33670.16
"ADJPOPC","109","2031",6670.697
"ADJPOPC","111","2031",747.041
"ADJPOPC","113","2031",12016.09
"ADJPOPC","115","2031",2331.74
"ADJPOPC","117","2031",40181.2
"ADJPOPC","119","2031",29464.91
"ADJPOPC","121","2031",5118.467
"ADJPOPC","123","2031",472825.4
"ADJPOPC","125","2031",10754.19
"ADJPOPC","500","2031",3879651
"ADJPOPC","3","2032",19300.47
"ADJPOPC","7","2032",17917.28
"ADJPOPC","9","2032",3219.979
"ADJPOPC","11","2032",6249.729
"ADJPOPC","15","2032",23585.69
"ADJPOPC","17","2032",1829.612
"ADJPOPC","19","2032",10514.61
"ADJPOPC","21","2032",8442.307
"ADJPOPC","23","2032",3800.24
"ADJPOPC","25","2032",6286.548
"ADJPOPC","27","2032",5171.538
"ADJPOPC","29","2032",34378.49
"ADJPOPC","33","2032",2225.439
"ADJPOPC","37","2032",72511.34
"ADJPOPC","39","2032",46285.11
"ADJPOPC","41","2032",879318.2
"ADJPOPC","43","2032",50069.91
"ADJPOPC","45","2032",80352.32
"ADJPOPC","47","2032",6246.892
"ADJPOPC","49","2032",20332.56
"ADJPOPC","51","2032",19683.14
"ADJPOPC","53","2032",1119.564
"ADJPOPC","55","2032",6536.575
"ADJPOPC","57","2032",1320.192
"ADJPOPC","61","2032",1283.511
"ADJPOPC","63","2032",8290.425
"ADJPOPC","65","2032",8706.533
"ADJPOPC","67","2032",75576.59
"ADJPOPC","69","2032",438222
"ADJPOPC","71","2032",13884.46
"ADJPOPC","73","2032",6852.893
"ADJPOPC","75","2032",25886.89
"ADJPOPC","77","2032",187593.1
"ADJPOPC","79","2032",854.1716
"ADJPOPC","81","2032",13440.73
"ADJPOPC","83","2032",36263.53
"ADJPOPC","85","2032",55610.5
"ADJPOPC","87","2032",33470.27
"ADJPOPC","89","2032",17322.19
"ADJPOPC","91","2032",5222.545
"ADJPOPC","93","2032",22494.06
"ADJPOPC","95","2032",4334.545
"ADJPOPC","97","2032",20585.53
"ADJPOPC","99","2032",11827.73
"ADJPOPC","101","2032",195085.4
"ADJPOPC","103","2032",6822.26
"ADJPOPC","105","2032",11451.61
"ADJPOPC","107","2032",34414.54
"ADJPOPC","109","2032",6669.141
"ADJPOPC","111","2032",748.2129
"ADJPOPC","113","2032",12294.88
"ADJPOPC","115","2032",2332.719
"ADJPOPC","117","2032",40817.91
"ADJPOPC","119","2032",29697.23
"ADJPOPC","121","2032",5121.69
"ADJPOPC","123","2032",486215.6
"ADJPOPC","125","2032",10791.61
"ADJPOPC","500","2032",3923788
"ADJPOPC","3","2033",19503.8
"ADJPOPC","7","2033",18412.2
"ADJPOPC","9","2033",3199.801
"ADJPOPC","11","2033",6270.849
"ADJPOPC","15","2033",23814.12
"ADJPOPC","17","2033",1819.986
"ADJPOPC","19","2033",10615.42
"ADJPOPC","21","2033",8477.289
"ADJPOPC","23","2033",3802.955
"ADJPOPC","25","2033",6373.849
"ADJPOPC","27","2033",5215.716
"ADJPOPC","29","2033",34853.93
"ADJPOPC","33","2033",2243.984
"ADJPOPC","37","2033",73885.87
"ADJPOPC","39","2033",47553.59
"ADJPOPC","41","2033",891269
"ADJPOPC","43","2033",50424.08
"ADJPOPC","45","2033",81824.07
"ADJPOPC","47","2033",6288.452
"ADJPOPC","49","2033",20753.55
"ADJPOPC","51","2033",19882.73
"ADJPOPC","53","2033",1146.853
"ADJPOPC","55","2033",6518.499
"ADJPOPC","57","2033",1317.397
"ADJPOPC","61","2033",1276.307
"ADJPOPC","63","2033",8354.181
"ADJPOPC","65","2033",8793.266
"ADJPOPC","67","2033",76716.82
"ADJPOPC","69","2033",444129.2
"ADJPOPC","71","2033",13854.33
"ADJPOPC","73","2033",6941.724
"ADJPOPC","75","2033",26107.16
"ADJPOPC","77","2033",190776.7
"ADJPOPC","79","2033",858.0042
"ADJPOPC","81","2033",13466.08
"ADJPOPC","83","2033",36870.59
"ADJPOPC","85","2033",56728.91
"ADJPOPC","87","2033",33920.76
"ADJPOPC","89","2033",17199.84
"ADJPOPC","91","2033",5232.332
"ADJPOPC","93","2033",22789.06
"ADJPOPC","95","2033",4335.83
"ADJPOPC","97","2033",20768.22
"ADJPOPC","99","2033",11806.19
"ADJPOPC","101","2033",197002.5
"ADJPOPC","103","2033",6853.743
"ADJPOPC","105","2033",11456.75
"ADJPOPC","107","2033",35149.49
"ADJPOPC","109","2033",6667.26
"ADJPOPC","111","2033",749.5163
"ADJPOPC","113","2033",12578.55
"ADJPOPC","115","2033",2326.569
"ADJPOPC","117","2033",41451.08
"ADJPOPC","119","2033",29924.29
"ADJPOPC","121","2033",5113.784
"ADJPOPC","123","2033",499938.7
"ADJPOPC","125","2033",10830.46
"ADJPOPC","500","2033",3966533
"ADJPOPC","3","2034",19710.56
"ADJPOPC","7","2034",18910.25
"ADJPOPC","9","2034",3180.254
"ADJPOPC","11","2034",6291.414
"ADJPOPC","15","2034",24038.36
"ADJPOPC","17","2034",1810.095
"ADJPOPC","19","2034",10717.59
"ADJPOPC","21","2034",8512.239
"ADJPOPC","23","2034",3805.939
"ADJPOPC","25","2034",6462.343
"ADJPOPC","27","2034",5259.04
"ADJPOPC","29","2034",35307.38
"ADJPOPC","33","2034",2263.438
"ADJPOPC","37","2034",75247.5
"ADJPOPC","39","2034",48801.85
"ADJPOPC","41","2034",903132.5
"ADJPOPC","43","2034",50776.45
"ADJPOPC","45","2034",83289.18
"ADJPOPC","47","2034",6331.192
"ADJPOPC","49","2034",21172.11
"ADJPOPC","51","2034",20080.57
"ADJPOPC","53","2034",1174.889
"ADJPOPC","55","2034",6494.517
"ADJPOPC","57","2034",1314.843
"ADJPOPC","61","2034",1269.108
"ADJPOPC","63","2034",8420.239
"ADJPOPC","65","2034",8881.593
"ADJPOPC","67","2034",77853.81
"ADJPOPC","69","2034",449997.5
"ADJPOPC","71","2034",13821.73
"ADJPOPC","73","2034",7024.535
"ADJPOPC","75","2034",26324.73
"ADJPOPC","77","2034",193949.3
"ADJPOPC","79","2034",861.8335
"ADJPOPC","81","2034",13491.03
"ADJPOPC","83","2034",37477.04
"ADJPOPC","85","2034",57841.54
"ADJPOPC","87","2034",34374.66
"ADJPOPC","89","2034",17077.74
"ADJPOPC","91","2034",5241.599
"ADJPOPC","93","2034",23059.77
"ADJPOPC","95","2034",4333.628
"ADJPOPC","97","2034",20949.34
"ADJPOPC","99","2034",11783.53
"ADJPOPC","101","2034",198887.4
"ADJPOPC","103","2034",6886.532
"ADJPOPC","105","2034",11461.74
"ADJPOPC","107","2034",35872.86
"ADJPOPC","109","2034",6665.189
"ADJPOPC","111","2034",750.9898
"ADJPOPC","113","2034",12866.93
"ADJPOPC","115","2034",2318.265
"ADJPOPC","117","2034",42084.43
"ADJPOPC","119","2034",30147.98
"ADJPOPC","121","2034",5094.72
"ADJPOPC","123","2034",513736.4
"ADJPOPC","125","2034",10871.31
"ADJPOPC","500","2034",4007967
"ADJPOPC","3","2035",19919.42
"ADJPOPC","7","2035",19406.34
"ADJPOPC","9","2035",3161.424
"ADJPOPC","11","2035",6311.634
"ADJPOPC","15","2035",24263.63
"ADJPOPC","17","2035",1800.048
"ADJPOPC","19","2035",10820.74
"ADJPOPC","21","2035",8547.313
"ADJPOPC","23","2035",3809.265
"ADJPOPC","25","2035",6547.984
"ADJPOPC","27","2035",5301.67
"ADJPOPC","29","2035",35763.49
"ADJPOPC","33","2035",2283.563
"ADJPOPC","37","2035",76589.2
"ADJPOPC","39","2035",50028.42
"ADJPOPC","41","2035",914815.8
"ADJPOPC","43","2035",51126.68
"ADJPOPC","45","2035",84739.87
"ADJPOPC","47","2035",6374.923
"ADJPOPC","49","2035",21587.39
"ADJPOPC","51","2035",20277.04
"ADJPOPC","53","2035",1203.26
"ADJPOPC","55","2035",6464.706
"ADJPOPC","57","2035",1312.349
"ADJPOPC","61","2035",1261.96
"ADJPOPC","63","2035",8487.856
"ADJPOPC","65","2035",8970.624
"ADJPOPC","67","2035",78984.21
"ADJPOPC","69","2035",455822.9
"ADJPOPC","71","2035",13786.82
"ADJPOPC","73","2035",7129.018
"ADJPOPC","75","2035",26539.7
"ADJPOPC","77","2035",197111.4
"ADJPOPC","79","2035",867.8379
"ADJPOPC","81","2035",13514.22
"ADJPOPC","83","2035",38082.27
"ADJPOPC","85","2035",58946.5
"ADJPOPC","87","2035",34857.15
"ADJPOPC","89","2035",16956.69
"ADJPOPC","91","2035",5253.576
"ADJPOPC","93","2035",23305.77
"ADJPOPC","95","2035",4334.169
"ADJPOPC","97","2035",21126.52
"ADJPOPC","99","2035",11760.37
"ADJPOPC","101","2035",200738.7
"ADJPOPC","103","2035",6919.723
"ADJPOPC","105","2035",11466.96
"ADJPOPC","107","2035",36582.36
"ADJPOPC","109","2035",6663.018
"ADJPOPC","111","2035",752.563
"ADJPOPC","113","2035",13158.98
"ADJPOPC","115","2035",2315.183
"ADJPOPC","117","2035",42716.54
"ADJPOPC","119","2035",30363.97
"ADJPOPC","121","2035",5074.941
"ADJPOPC","123","2035",527600.7
"ADJPOPC","125","2035",10913.25
"ADJPOPC","500","2035",4048018
"ADJPOPC","3","2036",20130.26
"ADJPOPC","7","2036",19893.81
"ADJPOPC","9","2036",3143.294
"ADJPOPC","11","2036",6331.498
"ADJPOPC","15","2036",24469.52
"ADJPOPC","17","2036",1789.882
"ADJPOPC","19","2036",10924.59
"ADJPOPC","21","2036",8582.05
"ADJPOPC","23","2036",3813.065
"ADJPOPC","25","2036",6629.617
"ADJPOPC","27","2036",5343.628
"ADJPOPC","29","2036",36211.21
"ADJPOPC","33","2036",2304.14
"ADJPOPC","37","2036",77910.6
"ADJPOPC","39","2036",51231.93
"ADJPOPC","41","2036",926382.9
"ADJPOPC","43","2036",51472.53
"ADJPOPC","45","2036",86175.87
"ADJPOPC","47","2036",6399.238
"ADJPOPC","49","2036",21998.84
"ADJPOPC","51","2036",20472.09
"ADJPOPC","53","2036",1231.871
"ADJPOPC","55","2036",6429.088
"ADJPOPC","57","2036",1309.87
"ADJPOPC","61","2036",1254.964
"ADJPOPC","63","2036",8556.541
"ADJPOPC","65","2036",9059.697
"ADJPOPC","67","2036",80085.18
"ADJPOPC","69","2036",461601.3
"ADJPOPC","71","2036",13749.78
"ADJPOPC","73","2036",7224.681
"ADJPOPC","75","2036",26751.93
"ADJPOPC","77","2036",200256.3
"ADJPOPC","79","2036",872.9421
"ADJPOPC","81","2036",13536.03
"ADJPOPC","83","2036",38686.38
"ADJPOPC","85","2036",60042.45
"ADJPOPC","87","2036",35341.31
"ADJPOPC","89","2036",16836.87
"ADJPOPC","91","2036",5255.907
"ADJPOPC","93","2036",23526.63
"ADJPOPC","95","2036",4329.293
"ADJPOPC","97","2036",21279.36
"ADJPOPC","99","2036",11736.66
"ADJPOPC","101","2036",202552.6
"ADJPOPC","103","2036",6953.078
"ADJPOPC","105","2036",11472.45
"ADJPOPC","107","2036",37276.86
"ADJPOPC","109","2036",6660.769
"ADJPOPC","111","2036",754.2156
"ADJPOPC","113","2036",13449.3
"ADJPOPC","115","2036",2308.838
"ADJPOPC","117","2036",43344.45
"ADJPOPC","119","2036",30572.94
"ADJPOPC","121","2036",5054.483
"ADJPOPC","123","2036",541526.9
"ADJPOPC","125","2036",10951.11
"ADJPOPC","500","2036",4087174
"ADJPOPC","3","2037",20340.93
"ADJPOPC","7","2037",20389.4
"ADJPOPC","9","2037",3125.988
"ADJPOPC","11","2037",6351.133
"ADJPOPC","15","2037",24671.99
"ADJPOPC","17","2037",1779.673
"ADJPOPC","19","2037",11029.14
"ADJPOPC","21","2037",8616.686
"ADJPOPC","23","2037",3817.444
"ADJPOPC","25","2037",6711.355
"ADJPOPC","27","2037",5385.062
"ADJPOPC","29","2037",36656.86
"ADJPOPC","33","2037",2325.028
"ADJPOPC","37","2037",79212.68
"ADJPOPC","39","2037",52414.14
"ADJPOPC","41","2037",937826.5
"ADJPOPC","43","2037",51817.41
"ADJPOPC","45","2037",87601.67
"ADJPOPC","47","2037",6424.219
"ADJPOPC","49","2037",22406.46
"ADJPOPC","51","2037",20665.93
"ADJPOPC","53","2037",1260.709
"ADJPOPC","55","2037",6393.105
"ADJPOPC","57","2037",1307.395
"ADJPOPC","61","2037",1248.151
"ADJPOPC","63","2037",8625.931
"ADJPOPC","65","2037",9148.187
"ADJPOPC","67","2037",81174.17
"ADJPOPC","69","2037",467347.5
"ADJPOPC","71","2037",13711.34
"ADJPOPC","73","2037",7316.565
"ADJPOPC","75","2037",26961.6
"ADJPOPC","77","2037",203380.2
"ADJPOPC","79","2037",877.1905
"ADJPOPC","81","2037",13556.67
"ADJPOPC","83","2037",39289.64
"ADJPOPC","85","2037",61129.42
"ADJPOPC","87","2037",35852.95
"ADJPOPC","89","2037",16719.15
"ADJPOPC","91","2037",5266.03
"ADJPOPC","93","2037",23705.02
"ADJPOPC","95","2037",4332.707
"ADJPOPC","97","2037",21419.6
"ADJPOPC","99","2037",11713.04
"ADJPOPC","101","2037",204330.1
"ADJPOPC","103","2037",6986.304
"ADJPOPC","105","2037",11478.47
"ADJPOPC","107","2037",37956.03
"ADJPOPC","109","2037",6658.575
"ADJPOPC","111","2037",755.9665
"ADJPOPC","113","2037",13737.69
"ADJPOPC","115","2037",2306.531
"ADJPOPC","117","2037",43974.01
"ADJPOPC","119","2037",30774.71
"ADJPOPC","121","2037",5033.543
"ADJPOPC","123","2037",555058
"ADJPOPC","125","2037",10998.79
"ADJPOPC","500","2037",4125370
"ADJPOPC","3","2038",20549.71
"ADJPOPC","7","2038",20878.82
"ADJPOPC","9","2038",3109.399
"ADJPOPC","11","2038",6370.505
"ADJPOPC","15","2038",24871.28
"ADJPOPC","17","2038",1769.445
"ADJPOPC","19","2038",11134.14
"ADJPOPC","21","2038",8650.861
"ADJPOPC","23","2038",3822.494
"ADJPOPC","25","2038",6793.185
"ADJPOPC","27","2038",5426.112
"ADJPOPC","29","2038",37101.69
"ADJPOPC","33","2038",2346.113
"ADJPOPC","37","2038",80493.87
"ADJPOPC","39","2038",53576.3
"ADJPOPC","41","2038",949151.4
"ADJPOPC","43","2038",52161.53
"ADJPOPC","45","2038",89019.09
"ADJPOPC","47","2038",6449.788
"ADJPOPC","49","2038",22810.05
"ADJPOPC","51","2038",20858.38
"ADJPOPC","53","2038",1289.711
"ADJPOPC","55","2038",6357.03
"ADJPOPC","57","2038",1304.846
"ADJPOPC","61","2038",1241.677
"ADJPOPC","63","2038",8695.775
"ADJPOPC","65","2038",9227.689
"ADJPOPC","67","2038",82239.93
"ADJPOPC","69","2038",473056.2
"ADJPOPC","71","2038",13672.03
"ADJPOPC","73","2038",7408.824
"ADJPOPC","75","2038",27168.48
"ADJPOPC","77","2038",206479.3
"ADJPOPC","79","2038",885.6927
"ADJPOPC","81","2038",13576.65
"ADJPOPC","83","2038",39892.11
"ADJPOPC","85","2038",62206.66
"ADJPOPC","87","2038",36366.74
"ADJPOPC","89","2038",16603.12
"ADJPOPC","91","2038",5273.725
"ADJPOPC","93","2038",23841.08
"ADJPOPC","95","2038",4333.275
"ADJPOPC","97","2038",21561.92
"ADJPOPC","99","2038",11689.82
"ADJPOPC","101","2038",206072.1
"ADJPOPC","103","2038",7019.164
"ADJPOPC","105","2038",11484.98
"ADJPOPC","107","2038",38619.76
"ADJPOPC","109","2038",6656.527
"ADJPOPC","111","2038",757.8229
"ADJPOPC","113","2038",14023.98
"ADJPOPC","115","2038",2305.229
"ADJPOPC","117","2038",44603.4
"ADJPOPC","119","2038",30970.4
"ADJPOPC","121","2038",5012.337
"ADJPOPC","123","2038",568641.9
"ADJPOPC","125","2038",11032.29
"ADJPOPC","500","2038",4162431
"ADJPOPC","3","2039",20757.19
"ADJPOPC","7","2039",21371.81
"ADJPOPC","9","2039",3093.525
"ADJPOPC","11","2039",6389.523
"ADJPOPC","15","2039",25067.49
"ADJPOPC","17","2039",1759.192
"ADJPOPC","19","2039",11239.59
"ADJPOPC","21","2039",8684.301
"ADJPOPC","23","2039",3828.201
"ADJPOPC","25","2039",6875.093
"ADJPOPC","27","2039",5466.692
"ADJPOPC","29","2039",37536.51
"ADJPOPC","33","2039",2367.3
"ADJPOPC","37","2039",81756.48
"ADJPOPC","39","2039",54718.16
"ADJPOPC","41","2039",960355.3
"ADJPOPC","43","2039",52505.08
"ADJPOPC","45","2039",90430.03
"ADJPOPC","47","2039",6465.601
"ADJPOPC","49","2039",23209.84
"ADJPOPC","51","2039",21049.32
"ADJPOPC","53","2039",1318.827
"ADJPOPC","55","2039",6320.932
"ADJPOPC","57","2039",1302.292
"ADJPOPC","61","2039",1235.55
"ADJPOPC","63","2039",8765.558
"ADJPOPC","65","2039",9297.395
"ADJPOPC","67","2039",83304.85
"ADJPOPC","69","2039",478736.6
"ADJPOPC","71","2039",13632.17
"ADJPOPC","73","2039",7508.618
"ADJPOPC","75","2039",27373.02
"ADJPOPC","77","2039",209552.3
"ADJPOPC","79","2039",892.3752
"ADJPOPC","81","2039",13596.36
"ADJPOPC","83","2039",40493.88
"ADJPOPC","85","2039",63273.75
"ADJPOPC","87","2039",36881.79
"ADJPOPC","89","2039",16488.88
"ADJPOPC","91","2039",5282.191
"ADJPOPC","93","2039",23934.96
"ADJPOPC","95","2039",4324.113
"ADJPOPC","97","2039",21711.06
"ADJPOPC","99","2039",11667.02
"ADJPOPC","101","2039",207779.4
"ADJPOPC","103","2039",7051.336
"ADJPOPC","105","2039",11492.12
"ADJPOPC","107","2039",39267.55
"ADJPOPC","109","2039",6654.628
"ADJPOPC","111","2039",759.7713
"ADJPOPC","113","2039",14308.01
"ADJPOPC","115","2039",2296.358
"ADJPOPC","117","2039",45232.06
"ADJPOPC","119","2039",31161.22
"ADJPOPC","121","2039",4991.158
"ADJPOPC","123","2039",582176.3
"ADJPOPC","125","2039",11076.69
"ADJPOPC","500","2039",4196945
"ADJPOPC","3","2040",20963.28
"ADJPOPC","7","2040",21859.01
"ADJPOPC","9","2040",3078.295
"ADJPOPC","11","2040",6408.354
"ADJPOPC","15","2040",25260.85
"ADJPOPC","17","2040",1748.847
"ADJPOPC","19","2040",11345.67
"ADJPOPC","21","2040",8716.881
"ADJPOPC","23","2040",3834.667
"ADJPOPC","25","2040",6957.226
"ADJPOPC","27","2040",5506.841
"ADJPOPC","29","2040",37973.81
"ADJPOPC","33","2040",2388.515
"ADJPOPC","37","2040",83001.4
"ADJPOPC","39","2040",55840.4
"ADJPOPC","41","2040",971443.9
"ADJPOPC","43","2040",52848.05
"ADJPOPC","45","2040",91835.68
"ADJPOPC","47","2040",6481.65
"ADJPOPC","49","2040",23606.06
"ADJPOPC","51","2040",21238.2
"ADJPOPC","53","2040",1348.111
"ADJPOPC","55","2040",6285.082
"ADJPOPC","57","2040",1299.728
"ADJPOPC","61","2040",1229.829
"ADJPOPC","63","2040",8835.484
"ADJPOPC","65","2040",9360.832
"ADJPOPC","67","2040",84342.43
"ADJPOPC","69","2040",484597.4
"ADJPOPC","71","2040",13592.2
"ADJPOPC","73","2040",7598.498
"ADJPOPC","75","2040",27575.73
"ADJPOPC","77","2040",212598
"ADJPOPC","79","2040",897.236
"ADJPOPC","81","2040",13616.54
"ADJPOPC","83","2040",41095.42
"ADJPOPC","85","2040",64331.16
"ADJPOPC","87","2040",37398.77
"ADJPOPC","89","2040",16376.32
"ADJPOPC","91","2040",5302.606
"ADJPOPC","93","2040",23986.96
"ADJPOPC","95","2040",4323.889
"ADJPOPC","97","2040",21853.66
"ADJPOPC","99","2040",11644.87
"ADJPOPC","101","2040",209454.2
"ADJPOPC","103","2040",7082.999
"ADJPOPC","105","2040",11500.05
"ADJPOPC","107","2040",39899.76
"ADJPOPC","109","2040",6653.01
"ADJPOPC","111","2040",761.8192
"ADJPOPC","113","2040",14589.83
"ADJPOPC","115","2040",2297.697
"ADJPOPC","117","2040",45858.75
"ADJPOPC","119","2040",31348.88
"ADJPOPC","121","2040",4970.346
"ADJPOPC","123","2040",595660.9
"ADJPOPC","125","2040",11108.88
"ADJPOPC","500","2040",4230465
